comparison,source_model,source_centre,target_model,target_centre,n_settlements
AHP_vs_NW,AHP,Ljubljana,NW,Ivančna Gorica,24
AHP_vs_NW,AHP,Novo mesto,NW,Šentjernej,24
AHP_vs_NW,AHP,Celje,NW,Šentjur,18
AHP_vs_NW,AHP,Ljubljana,NW,Gorenja vas-Poljane,15
AHP_vs_NW,AHP,Ljubljana,NW,Črnomelj,14
AHP_vs_NW,AHP,Celje,NW,Laško,14
AHP_vs_NW,AHP,Ljubljana,NW,Moravče,11
AHP_vs_NW,AHP,Rogaška Slatina,NW,Šmarje pri Jelšah,11
AHP_vs_NW,AHP,Postojna,NW,Pivka,9
AHP_vs_NW,AHP,Novo mesto,NW,Šmarješke Toplice,9
AHP_vs_NW,AHP,Ljubljana,NW,Loška dolina,9
AHP_vs_NW,AHP,Ljubljana,NW,Velike Lašče,8
AHP_vs_NW,AHP,Ljubljana,NW,Kostel,8
AHP_vs_NW,AHP,Novo mesto,NW,Dolenjske Toplice,8
AHP_vs_NW,AHP,Ptuj,NW,Majšperk,8
AHP_vs_NW,AHP,Kranj,NW,Tržič,7
AHP_vs_NW,AHP,Maribor,NW,Lenart,7
AHP_vs_NW,AHP,Ljubljana,NW,Kočevje,7
AHP_vs_NW,AHP,Maribor,NW,Slovenska Bistrica,7
AHP_vs_NW,AHP,Ljubljana,NW,Bloke,7
AHP_vs_NW,AHP,Ljubljana,NW,Kamnik,7
AHP_vs_NW,AHP,Ljubljana,NW,Grosuplje,7
AHP_vs_NW,AHP,Nova Gorica,NW,Brda,7
AHP_vs_NW,AHP,Slovenska Bistrica,NW,Poljčane,6
AHP_vs_NW,AHP,Rogaška Slatina,NW,Podčetrtek,6
AHP_vs_NW,AHP,Novo mesto,NW,Črnomelj,6
AHP_vs_NW,AHP,Celje,NW,Vojnik,6
AHP_vs_NW,AHP,Črnomelj,NW,Semič,6
AHP_vs_NW,AHP,Nova Gorica,NW,Kanal,6
AHP_vs_NW,AHP,Nova Gorica,NW,Ajdovščina,6
AHP_vs_NW,AHP,Ljubljana,NW,Žiri,6
AHP_vs_NW,AHP,Novo mesto,NW,Škocjan,6
AHP_vs_NW,AHP,Celje,NW,Žalec,5
AHP_vs_NW,AHP,Cerknica,NW,Ljubljana,5
AHP_vs_NW,AHP,Ljubljana,NW,Ajdovščina,5
AHP_vs_NW,AHP,Ljubljana,NW,Domžale,5
AHP_vs_NW,AHP,Ljubljana,NW,Trebnje,5
AHP_vs_NW,AHP,Ljubljana,NW,Zagorje ob Savi,5
AHP_vs_NW,AHP,Novo mesto,NW,Mirna Peč,5
AHP_vs_NW,AHP,Ljubljana,NW,Medvode,5
AHP_vs_NW,AHP,Ptuj,NW,Sveti Tomaž,5
AHP_vs_NW,AHP,Ptuj,NW,Makole,5
AHP_vs_NW,AHP,Sežana,NW,Divača,5
AHP_vs_NW,AHP,Slovenske Konjice,NW,Slovenska Bistrica,5
AHP_vs_NW,AHP,Velenje,NW,Mislinja,5
AHP_vs_NW,AHP,Velenje,NW,Šmartno ob Paki,5
AHP_vs_ML,AHP,Ljubljana,ML,Kamnik,141
AHP_vs_ML,AHP,Ljubljana,ML,Litija,95
AHP_vs_ML,AHP,Ljubljana,ML,Kranj,79
AHP_vs_ML,AHP,Ljubljana,ML,Kočevje,49
AHP_vs_ML,AHP,Ljubljana,ML,Ivančna Gorica,47
AHP_vs_ML,AHP,Ljubljana,ML,Trebnje,43
AHP_vs_ML,AHP,Ljubljana,ML,Domžale,29
AHP_vs_ML,AHP,Ljubljana,ML,Cerknica,28
AHP_vs_ML,AHP,Ptuj,ML,Maribor,28
AHP_vs_ML,AHP,Ljubljana,ML,Velike Lašče,26
AHP_vs_ML,AHP,Ljubljana,ML,Idrija,26
AHP_vs_ML,AHP,Ljubljana,ML,Gorenja vas-Poljane,23
AHP_vs_ML,AHP,Ljubljana,ML,Vrhnika,21
AHP_vs_ML,AHP,Ljubljana,ML,Ribnica,21
AHP_vs_ML,AHP,Ljubljana,ML,Medvode,21
AHP_vs_ML,AHP,Ljubljana,ML,Novo mesto,20
AHP_vs_ML,AHP,Ljubljana,ML,Kostel,19
AHP_vs_ML,AHP,Celje,ML,Šentjur,19
AHP_vs_ML,AHP,Ljubljana,ML,Sodražica,19
AHP_vs_ML,AHP,Ljubljana,ML,Celje,19
AHP_vs_ML,AHP,Ljubljana,ML,Grosuplje,17
AHP_vs_ML,AHP,Celje,ML,Slovenske Konjice,16
AHP_vs_ML,AHP,Zreče,ML,Slovenske Konjice,16
AHP_vs_ML,AHP,Ljubljana,ML,Žužemberk,16
AHP_vs_ML,AHP,Ljubljana,ML,Cerkno,15
AHP_vs_ML,AHP,Ljubljana,ML,Trbovlje,15
AHP_vs_ML,AHP,Ljubljana,ML,Osilnica,15
AHP_vs_ML,AHP,Slovenska Bistrica,ML,Slovenske Konjice,14
AHP_vs_ML,AHP,Krško,ML,Novo mesto,14
AHP_vs_ML,AHP,Šentjernej,ML,Novo mesto,13
AHP_vs_ML,AHP,Šmarje pri Jelšah,ML,Rogaška Slatina,13
AHP_vs_ML,AHP,Ptuj,ML,Ormož,13
AHP_vs_ML,AHP,Ljubljana,ML,Bloke,12
AHP_vs_ML,AHP,Sevnica,ML,Novo mesto,12
AHP_vs_ML,AHP,Trebnje,ML,Novo mesto,11
AHP_vs_ML,AHP,Ljubljana,ML,Črnomelj,11
AHP_vs_ML,AHP,Mokronog-Trebelno,ML,Novo mesto,11
AHP_vs_ML,AHP,Škocjan,ML,Novo mesto,11
AHP_vs_ML,AHP,Ljubljana,ML,Loška dolina,10
AHP_vs_ML,AHP,Lenart,ML,Maribor,10
AHP_vs_ML,AHP,Celje,ML,Žalec,10
AHP_vs_ML,AHP,Ptuj,ML,Murska Sobota,10
AHP_vs_ML,AHP,Črnomelj,ML,Metlika,9
AHP_vs_ML,AHP,Črnomelj,ML,Novo mesto,9
AHP_vs_ML,AHP,Šmarje pri Jelšah,ML,Šentjur,8
AHP_vs_ML,AHP,Sežana,ML,Divača,8
AHP_vs_ML,AHP,Nova Gorica,ML,Kanal,8
AHP_vs_ML,AHP,Ljubljana,ML,Tolmin,8
AHP_vs_ML,AHP,Laško,ML,Celje,8
AHP_vs_ML,AHP,Kostanjevica na Krki,ML,Novo mesto,7
AHP_vs_ML,AHP,Ljubljana,ML,Ajdovščina,7
AHP_vs_ML,AHP,Ljubljana,ML,Škofljica,7
AHP_vs_ML,AHP,Nova Gorica,ML,Brda,7
AHP_vs_ML,AHP,Kranj,ML,Radovljica,6
AHP_vs_ML,AHP,Zagorje ob Savi,ML,Trbovlje,6
AHP_vs_ML,AHP,Ptuj,ML,Majšperk,6
AHP_vs_ML,AHP,Ljubljana,ML,Lukovica,6
AHP_vs_ML,AHP,Postojna,ML,Pivka,6
AHP_vs_ML,AHP,Nova Gorica,ML,Ajdovščina,6
AHP_vs_ML,AHP,Ljubljana,ML,Logatec,5
AHP_vs_ML,AHP,Ljubljana,ML,Moravče,5
AHP_vs_ML,AHP,Ljubljana,ML,Škofja Loka,5
AHP_vs_ML,AHP,Ptuj,ML,Dornava,5
AHP_vs_ML,AHP,Sveti Jurij ob Ščavnici,ML,Murska Sobota,5
AHP_vs_ML,AHP,Ptuj,ML,Podlehnik,5
AHP_vs_ML,AHP,Radeče,ML,Sevnica,5
NW_vs_ML,NW,Ljubljana,ML,Kamnik,118
NW_vs_ML,NW,Ljubljana,ML,Litija,76
NW_vs_ML,NW,Ljubljana,ML,Ljubljana,73
NW_vs_ML,NW,Ljubljana,ML,Kranj,73
NW_vs_ML,NW,Ljubljana,ML,Trebnje,38
NW_vs_ML,NW,Maribor,ML,Maribor,37
NW_vs_ML,NW,Celje,ML,Celje,36
NW_vs_ML,NW,Ljubljana,ML,Kočevje,31
NW_vs_ML,NW,Ljubljana,ML,Ivančna Gorica,29
NW_vs_ML,NW,Ljubljana,ML,Cerknica,26
NW_vs_ML,NW,Ljubljana,ML,Ribnica,21
NW_vs_ML,NW,Sežana,ML,Sežana,20
NW_vs_ML,NW,Ljubljana,ML,Idrija,20
NW_vs_ML,NW,Ljubljana,ML,Žužemberk,19
NW_vs_ML,NW,Ljubljana,ML,Velike Lašče,18
NW_vs_ML,NW,Ptuj,ML,Maribor,18
NW_vs_ML,NW,Ljubljana,ML,Celje,18
NW_vs_ML,NW,Ljubljana,ML,Vrhnika,17
NW_vs_ML,NW,Ljubljana,ML,Novo mesto,16
NW_vs_ML,NW,Ljubljana,ML,Osilnica,15
NW_vs_ML,NW,Ljubljana,ML,Domžale,15
NW_vs_ML,NW,Ljubljana,ML,Cerkno,15
NW_vs_ML,NW,Ljubljana,ML,Sodražica,15
NW_vs_ML,NW,Ljubljana,ML,Kostel,11
NW_vs_ML,NW,Ljubljana,ML,Trbovlje,11
NW_vs_ML,NW,Ljubljana,ML,Grosuplje,10
NW_vs_ML,NW,Zreče,ML,Slovenske Konjice,10
NW_vs_ML,NW,Črnomelj,ML,Novo mesto,10
NW_vs_ML,NW,Novo mesto,ML,Novo mesto,9
NW_vs_ML,NW,Ljubljana,ML,Medvode,9
NW_vs_ML,NW,Šmarje pri Jelšah,ML,Rogaška Slatina,9
NW_vs_ML,NW,Sveti Jurij ob Ščavnici,ML,Murska Sobota,9
NW_vs_ML,NW,Zreče,ML,Zreče,8
NW_vs_ML,NW,Metlika,ML,Metlika,8
NW_vs_ML,NW,Hrastnik,ML,Trbovlje,8
NW_vs_ML,NW,Slovenske Konjice,ML,Slovenske Konjice,8
NW_vs_ML,NW,Šentjur,ML,Šentjur,7
NW_vs_ML,NW,Sevnica,ML,Novo mesto,7
NW_vs_ML,NW,Ljubljana,ML,Tolmin,7
NW_vs_ML,NW,Lenart,ML,Maribor,7
NW_vs_ML,NW,Ljubljana,ML,Gorenja vas-Poljane,7
NW_vs_ML,NW,Cerknica,ML,Cerknica,6
NW_vs_ML,NW,Ravne na Koroškem,ML,Ravne na Koroškem,6
NW_vs_ML,NW,Šmarješke Toplice,ML,Novo mesto,6
NW_vs_ML,NW,Oplotnica,ML,Slovenske Konjice,6
NW_vs_ML,NW,Kočevje,ML,Kočevje,6
NW_vs_ML,NW,Ljubljana,ML,Bloke,6
NW_vs_ML,NW,Mirna Peč,ML,Novo mesto,6
NW_vs_ML,NW,Ormož,ML,Ormož,6
NW_vs_ML,NW,Litija,ML,Litija,5
NW_vs_ML,NW,Cerkvenjak,ML,Cerkvenjak,5
NW_vs_ML,NW,Celje,ML,Šentjur,5
NW_vs_ML,NW,Nova Gorica,ML,Nova Gorica,5
NW_vs_ML,NW,Muta,ML,Muta,5
NW_vs_ML,NW,Radenci,ML,Murska Sobota,5
NW_vs_ML,NW,Radeče,ML,Sevnica,5
NW_vs_ML,NW,Velenje,ML,Velenje,5
NW_vs_ML,NW,Šmarje pri Jelšah,ML,Šentjur,5
MLAHP_vs_MLNW,ML(AHP-target),Novo mesto,ML(NW-target),Šentjernej,36
MLAHP_vs_MLNW,ML(AHP-target),Slovenske Konjice,ML(NW-target),Slovenska Bistrica,33
MLAHP_vs_MLNW,ML(AHP-target),Celje,ML(NW-target),Laško,26
MLAHP_vs_MLNW,ML(AHP-target),Novo mesto,ML(NW-target),Škocjan,25
MLAHP_vs_MLNW,ML(AHP-target),Maribor,ML(NW-target),Ptuj,24
MLAHP_vs_MLNW,ML(AHP-target),Celje,ML(NW-target),Šentjur,24
MLAHP_vs_MLNW,ML(AHP-target),Ljubljana,ML(NW-target),Grosuplje,23
MLAHP_vs_MLNW,ML(AHP-target),Novo mesto,ML(NW-target),Trebnje,21
MLAHP_vs_MLNW,ML(AHP-target),Litija,ML(NW-target),Ivančna Gorica,20
MLAHP_vs_MLNW,ML(AHP-target),Ormož,ML(NW-target),Ptuj,18
MLAHP_vs_MLNW,ML(AHP-target),Novo mesto,ML(NW-target),Mokronog-Trebelno,18
MLAHP_vs_MLNW,ML(AHP-target),Celje,ML(NW-target),Trbovlje,17
MLAHP_vs_MLNW,ML(AHP-target),Sežana,ML(NW-target),Ajdovščina,17
MLAHP_vs_MLNW,ML(AHP-target),Trbovlje,ML(NW-target),Zagorje ob Savi,17
MLAHP_vs_MLNW,ML(AHP-target),Litija,ML(NW-target),Ljubljana,17
MLAHP_vs_MLNW,ML(AHP-target),Litija,ML(NW-target),Trbovlje,17
MLAHP_vs_MLNW,ML(AHP-target),Slovenske Konjice,ML(NW-target),Celje,16
MLAHP_vs_MLNW,ML(AHP-target),Kočevje,ML(NW-target),Kostel,15
MLAHP_vs_MLNW,ML(AHP-target),Novo mesto,ML(NW-target),Semič,14
MLAHP_vs_MLNW,ML(AHP-target),Rogaška Slatina,ML(NW-target),Šmarje pri Jelšah,14
MLAHP_vs_MLNW,ML(AHP-target),Kamnik,ML(NW-target),Moravče,13
MLAHP_vs_MLNW,ML(AHP-target),Murska Sobota,ML(NW-target),Ptuj,13
MLAHP_vs_MLNW,ML(AHP-target),Ljubljana,ML(NW-target),Bloke,11
MLAHP_vs_MLNW,ML(AHP-target),Trebnje,ML(NW-target),Trbovlje,11
MLAHP_vs_MLNW,ML(AHP-target),Ljubljana,ML(NW-target),Velike Lašče,11
MLAHP_vs_MLNW,ML(AHP-target),Metlika,ML(NW-target),Črnomelj,11
MLAHP_vs_MLNW,ML(AHP-target),Celje,ML(NW-target),Vojnik,11
MLAHP_vs_MLNW,ML(AHP-target),Litija,ML(NW-target),Zagorje ob Savi,11
MLAHP_vs_MLNW,ML(AHP-target),Maribor,ML(NW-target),Lenart,11
MLAHP_vs_MLNW,ML(AHP-target),Novo mesto,ML(NW-target),Krško,11
MLAHP_vs_MLNW,ML(AHP-target),Kranj,ML(NW-target),Bohinj,10
MLAHP_vs_MLNW,ML(AHP-target),Kamnik,ML(NW-target),Trbovlje,10
MLAHP_vs_MLNW,ML(AHP-target),Maribor,ML(NW-target),Slovenska Bistrica,10
MLAHP_vs_MLNW,ML(AHP-target),Novo mesto,ML(NW-target),Kostanjevica na Krki,9
MLAHP_vs_MLNW,ML(AHP-target),Juršinci,ML(NW-target),Ptuj,8
MLAHP_vs_MLNW,ML(AHP-target),Zreče,ML(NW-target),Slovenske Konjice,8
MLAHP_vs_MLNW,ML(AHP-target),Novo mesto,ML(NW-target),Dolenjske Toplice,8
MLAHP_vs_MLNW,ML(AHP-target),Novo mesto,ML(NW-target),Žužemberk,8
MLAHP_vs_MLNW,ML(AHP-target),Škofljica,ML(NW-target),Ljubljana,7
MLAHP_vs_MLNW,ML(AHP-target),Cerknica,ML(NW-target),Ljubljana,7
MLAHP_vs_MLNW,ML(AHP-target),Cerknica,ML(NW-target),Bloke,7
MLAHP_vs_MLNW,ML(AHP-target),Celje,ML(NW-target),Kozje,7
MLAHP_vs_MLNW,ML(AHP-target),Domžale,ML(NW-target),Ljubljana,7
MLAHP_vs_MLNW,ML(AHP-target),Medvode,ML(NW-target),Ljubljana,7
MLAHP_vs_MLNW,ML(AHP-target),Kočevje,ML(NW-target),Ljubljana,7
MLAHP_vs_MLNW,ML(AHP-target),Ribnica,ML(NW-target),Sodražica,7
MLAHP_vs_MLNW,ML(AHP-target),Dornava,ML(NW-target),Ptuj,6
MLAHP_vs_MLNW,ML(AHP-target),Maribor,ML(NW-target),Sveta Ana,6
MLAHP_vs_MLNW,ML(AHP-target),Velenje,ML(NW-target),Slovenj Gradec,6
MLAHP_vs_MLNW,ML(AHP-target),Novo mesto,ML(NW-target),Sevnica,6
MLAHP_vs_MLNW,ML(AHP-target),Šentjur,ML(NW-target),Dobje,6
MLAHP_vs_MLNW,ML(AHP-target),Ravne na Koroškem,ML(NW-target),Prevalje,6
MLAHP_vs_MLNW,ML(AHP-target),Ormož,ML(NW-target),Ljutomer,6
MLAHP_vs_MLNW,ML(AHP-target),Maribor,ML(NW-target),Apače,6
MLAHP_vs_MLNW,ML(AHP-target),Maribor,ML(NW-target),Hoče-Slivnica,6
MLAHP_vs_MLNW,ML(AHP-target),Cerknica,ML(NW-target),Loška dolina,5
MLAHP_vs_MLNW,ML(AHP-target),Cerkvenjak,ML(NW-target),Ptuj,5
MLAHP_vs_MLNW,ML(AHP-target),Koper,ML(NW-target),Izola,5
MLAHP_vs_MLNW,ML(AHP-target),Kamnik,ML(NW-target),Ljubljana,5
MLAHP_vs_MLNW,ML(AHP-target),Muta,ML(NW-target),Dravograd,5
MLAHP_vs_MLNW,ML(AHP-target),Metlika,ML(NW-target),Semič,5
MLAHP_vs_MLNW,ML(AHP-target),Ljubljana,ML(NW-target),Loški Potok,5
MLAHP_vs_MLNW,ML(AHP-target),Ljubljana,ML(NW-target),Ivančna Gorica,5
MLAHP_vs_MLNW,ML(AHP-target),Idrija,ML(NW-target),Ajdovščina,5
MLAHP_vs_MLNW,ML(AHP-target),Kamnik,ML(NW-target),Luče,5
MLAHP_vs_MLNW,ML(AHP-target),Idrija,ML(NW-target),Žiri,5
MLAHP_vs_MLNW,ML(AHP-target),Litija,ML(NW-target),Trebnje,5
MLAHP_vs_MLNW,ML(AHP-target),Rogaška Slatina,ML(NW-target),Ptuj,5
MLAHP_vs_MLNW,ML(AHP-target),Ravne na Koroškem,ML(NW-target),Slovenj Gradec,5
MLAHP_vs_MLNW,ML(AHP-target),Slovenska Bistrica,ML(NW-target),Poljčane,5
MLAHP_vs_MLNW,ML(AHP-target),Slovenske Konjice,ML(NW-target),Zreče,5
MLAHP_vs_MLNW,ML(AHP-target),Trbovlje,ML(NW-target),Laško,5
MLAHP_vs_MLNW,ML(AHP-target),Trebnje,ML(NW-target),Šentrupert,5
MLAHP_vs_MLNW,ML(AHP-target),Velenje,ML(NW-target),Šmartno ob Paki,5
MLAHP_vs_MLNW,ML(AHP-target),Žužemberk,ML(NW-target),Trebnje,5
