SIFRA,NAZIV,commuting_self_flow,commuting_dominant_external_dest,commuting_dominant_external_flow,commuting_is_centre,commuting_ultimate_centre,huff_majority_centre_name,huff_majority_centre,agreement,pattern
49,Komen,336.0,111,326.0,True,49,Komen,49,1,Agree
126,Šoštanj,1041.0,133,1689.0,False,133,Šoštanj,126,0,"Pattern 1: Huff self, Commuting external"
166,Križevci,279.0,63,282.0,False,63,Murska Sobota,80,0,"Pattern 3: both external, different centre"
146,Železniki,1575.0,122,506.0,True,146,Ljubljana,61,0,"Pattern 2: Commuting self, Huff external"
1,Ajdovščina,4255.0,84,1310.0,True,1,Ajdovščina,1,1,Agree
131,Tržič,2316.0,52,1447.0,True,131,Tržič,131,1,Agree
24,Dornava,222.0,96,373.0,False,96,Ptuj,96,1,Agree
150,Bloke,148.0,61,139.0,True,150,Ljubljana,61,0,"Pattern 2: Commuting self, Huff external"
151,Braslovče,457.0,61,393.0,True,151,Braslovče,151,1,Agree
133,Velenje,8437.0,61,1680.0,True,133,Velenje,133,1,Agree
182,Sveti Andraž v Slov. goricah,71.0,96,90.0,False,96,Ptuj,96,1,Agree
67,Luče,224.0,83,69.0,True,67,Ljubljana,61,0,"Pattern 2: Commuting self, Huff external"
156,Dobrovnik,110.0,59,89.0,True,156,Dobrovnik,156,1,Agree
10,Tišina,205.0,80,567.0,False,80,Murska Sobota,80,1,Agree
30,Gornji Grad,259.0,61,132.0,True,30,Gornji Grad,30,1,Agree
46,Kobarid,612.0,128,412.0,True,46,Kobarid,46,1,Agree
26,Duplek,477.0,70,1457.0,False,70,Maribor,70,1,Agree
159,Hajdina,259.0,96,453.0,False,96,Ptuj,96,1,Agree
157,Dolenjske Toplice,326.0,85,730.0,False,85,Dolenjske Toplice,157,0,"Pattern 1: Huff self, Commuting external"
5,Borovnica,375.0,61,1064.0,False,61,Borovnica,5,0,"Pattern 1: Huff self, Commuting external"
21,Dobrova-Polhov Gradec,834.0,61,1880.0,False,61,Ljubljana,61,1,Agree
129,Trbovlje,2455.0,61,1846.0,True,129,Trbovlje,129,1,Agree
50,Koper,14711.0,61,2454.0,True,50,Koper,50,1,Agree
167,Lovrenc na Pohorju,307.0,70,466.0,False,70,Lovrenc na Pohorju,167,0,"Pattern 1: Huff self, Commuting external"
149,Bistrica ob Sotli,101.0,9,59.0,True,149,Bistrica ob Sotli,149,1,Agree
138,Vodice,446.0,61,1170.0,False,61,Ljubljana,61,1,Agree
52,Kranj,11674.0,61,6109.0,True,52,Kranj,52,1,Agree
158,Grad,101.0,80,208.0,False,80,Murska Sobota,80,1,Agree
18,Destrnik,138.0,96,358.0,False,96,Ptuj,96,1,Agree
127,Štore,416.0,11,731.0,False,11,Celje,11,1,Agree
201,Renče-Vogrsko,419.0,84,607.0,False,84,Renče-Vogrsko,201,0,"Pattern 1: Huff self, Commuting external"
144,Zreče,1403.0,114,521.0,True,144,Zreče,144,1,Agree
154,Dobje,74.0,120,116.0,False,120,Celje,11,0,"Pattern 3: both external, different centre"
163,Jezersko,62.0,52,81.0,False,52,Jezersko,163,0,"Pattern 1: Huff self, Commuting external"
169,Miklavž na Dravskem polju,449.0,70,1507.0,False,70,Maribor,70,1,Agree
173,Polzela,499.0,11,443.0,True,173,Velenje,133,0,"Pattern 2: Commuting self, Huff external"
176,Razkrižje,86.0,63,146.0,False,63,Ljutomer,63,1,Agree
184,Tabor,105.0,61,166.0,False,61,Tabor,184,0,"Pattern 1: Huff self, Commuting external"
187,Velika Polana,82.0,59,101.0,False,59,Velika Polana,187,0,"Pattern 1: Huff self, Commuting external"
188,Veržej,108.0,63,121.0,False,63,Veržej,188,0,"Pattern 1: Huff self, Commuting external"
189,Vransko,206.0,61,241.0,False,61,Vransko,189,0,"Pattern 1: Huff self, Commuting external"
191,Žetale,71.0,96,134.0,False,96,Ptuj,96,1,Agree
194,Šmartno pri Litiji,624.0,61,909.0,False,61,Litija,60,0,"Pattern 3: both external, different centre"
197,Kostanjevica na Krki,224.0,85,229.0,False,85,Kostanjevica na Krki,197,0,"Pattern 1: Huff self, Commuting external"
198,Makole,117.0,113,234.0,False,113,Ptuj,96,0,"Pattern 3: both external, different centre"
199,Mokronog-Trebelno,299.0,85,335.0,False,85,Novo mesto,85,1,Agree
25,Dravograd,1197.0,112,710.0,True,25,Dravograd,25,1,Agree
27,Gorenja vas-Poljane,1074.0,122,772.0,True,27,Ljubljana,61,0,"Pattern 2: Commuting self, Huff external"
28,Gorišnica,322.0,96,569.0,False,96,Ptuj,96,1,Agree
29,Gornja Radgona,1476.0,70,293.0,True,29,Gornja Radgona,29,1,Agree
33,Šalovci,64.0,80,173.0,False,80,Murska Sobota,80,1,Agree
35,Hrpelje-Kozina,591.0,50,567.0,True,35,Hrpelje-Kozina,35,1,Agree
37,Ig,758.0,61,1891.0,False,61,Ljubljana,61,1,Agree
39,Ivančna Gorica,2331.0,61,3473.0,False,61,Ivančna Gorica,39,0,"Pattern 1: Huff self, Commuting external"
40,Izola,2444.0,50,2218.0,True,40,Izola,40,1,Agree
43,Kamnik,4929.0,61,4389.0,True,43,Kamnik,43,1,Agree
47,Kobilje,21.0,80,69.0,False,80,Kobilje,47,0,"Pattern 1: Huff self, Commuting external"
48,Kočevje,3352.0,61,1239.0,True,48,Kočevje,48,1,Agree
53,Kranjska Gora,745.0,41,456.0,True,53,Kranjska Gora,53,1,Agree
105,Rogašovci,169.0,80,237.0,False,80,Rogašovci,105,0,"Pattern 1: Huff self, Commuting external"
3,Bled,1292.0,61,612.0,True,3,Bled,3,1,Agree
6,Bovec,836.0,61,111.0,True,6,Bovec,6,1,Agree
8,Brezovica,1358.0,61,3324.0,False,61,Ljubljana,61,1,Agree
9,Brežice,4635.0,54,1833.0,True,9,Brežice,9,1,Agree
14,Cerkno,798.0,36,542.0,True,14,Cerkno,14,1,Agree
15,Črenšovci,308.0,80,340.0,False,80,Murska Sobota,80,1,Agree
17,Črnomelj,3050.0,85,656.0,True,17,Črnomelj,17,1,Agree
19,Divača,344.0,111,422.0,False,111,Divača,19,0,"Pattern 1: Huff self, Commuting external"
31,Gornji Petrovci,117.0,80,279.0,False,80,Gornji Petrovci,31,0,"Pattern 1: Huff self, Commuting external"
32,Grosuplje,3448.0,61,4710.0,False,61,Ljubljana,61,1,Agree
34,Hrastnik,1376.0,61,771.0,True,34,Trbovlje,129,0,"Pattern 2: Commuting self, Huff external"
36,Idrija,3342.0,61,674.0,True,36,Idrija,36,1,Agree
42,Juršinci,124.0,96,269.0,False,96,Juršinci,42,0,"Pattern 1: Huff self, Commuting external"
44,Kanal,694.0,84,650.0,True,44,Nova Gorica,84,0,"Pattern 2: Commuting self, Huff external"
51,Kozje,253.0,11,125.0,True,51,Kozje,51,1,Agree
66,Loški Potok,180.0,61,160.0,True,66,Ljubljana,61,0,"Pattern 2: Commuting self, Huff external"
74,Mežica,582.0,103,253.0,True,74,Mežica,74,1,Agree
89,Pesnica,470.0,70,1395.0,False,70,Maribor,70,1,Agree
95,Preddvor,340.0,52,491.0,False,52,Kranj,52,1,Agree
101,Radlje ob Dravi,1106.0,81,218.0,True,101,Radlje ob Dravi,101,1,Agree
102,Radovljica,3118.0,61,1586.0,True,102,Radovljica,102,1,Agree
106,Rogaška Slatina,2774.0,124,409.0,True,106,Rogaška Slatina,106,1,Agree
161,Hodoš,9.0,80,24.0,False,80,Hodoš,161,0,"Pattern 1: Huff self, Commuting external"
115,Starše,278.0,70,721.0,False,70,Ptuj,96,0,"Pattern 3: both external, different centre"
116,Sveti Jurij ob Ščavnici,178.0,29,195.0,False,29,Sveti Jurij ob Ščavnici,116,0,"Pattern 1: Huff self, Commuting external"
120,Šentjur,2728.0,11,2489.0,True,120,Šentjur,120,1,Agree
121,Škocjan,230.0,85,602.0,False,85,Novo mesto,85,1,Agree
125,Šmartno ob Paki,215.0,133,457.0,False,133,Velenje,133,1,Agree
128,Tolmin,2592.0,61,378.0,True,128,Tolmin,128,1,Agree
132,Turnišče,305.0,80,293.0,True,132,Turnišče,132,1,Agree
134,Velike Lašče,430.0,61,988.0,False,61,Ljubljana,61,1,Agree
147,Žiri,1343.0,61,315.0,True,147,Ljubljana,61,0,"Pattern 2: Commuting self, Huff external"
38,Ilirska Bistrica,2666.0,61,772.0,True,38,Ilirska Bistrica,38,1,Agree
41,Jesenice,4348.0,61,1210.0,True,41,Jesenice,41,1,Agree
45,Kidričevo,867.0,70,600.0,True,45,Ptuj,96,0,"Pattern 2: Commuting self, Huff external"
165,Kostel,52.0,48,92.0,False,48,Ljubljana,61,0,"Pattern 3: both external, different centre"
75,Miren-Kostanjevica,461.0,84,668.0,False,84,Nova Gorica,84,1,Agree
82,Naklo,593.0,52,624.0,False,52,Kranj,52,1,Agree
83,Nazarje,526.0,133,116.0,True,83,Nazarje,83,1,Agree
99,Radeče,597.0,61,368.0,True,99,Radeče,99,1,Agree
139,Vojnik,868.0,11,1564.0,False,11,Celje,11,1,Agree
148,Benedikt,209.0,70,252.0,False,70,Maribor,70,1,Agree
160,Hoče-Slivnica,1064.0,70,2253.0,False,70,Maribor,70,1,Agree
162,Horjul,429.0,61,543.0,False,61,Ljubljana,61,1,Agree
171,Oplotnica,340.0,113,352.0,False,113,Slovenske Konjice,114,0,"Pattern 3: both external, different centre"
172,Podlehnik,120.0,96,217.0,False,96,Ptuj,96,1,Agree
174,Prebold,554.0,190,442.0,True,174,Prebold,174,1,Agree
180,Solčava,96.0,61,15.0,True,180,Ljubljana,61,0,"Pattern 2: Commuting self, Huff external"
185,Trnovska vas,51.0,70,110.0,False,70,Ptuj,96,0,"Pattern 3: both external, different centre"
168,Markovci,386.0,96,619.0,False,96,Ptuj,96,1,Agree
175,Prevalje,662.0,103,817.0,False,103,Ravne na Koroškem,103,1,Agree
181,Sveta Ana,137.0,70,176.0,False,70,Maribor,70,1,Agree
192,Žirovnica,367.0,41,383.0,False,41,Žirovnica,192,0,"Pattern 1: Huff self, Commuting external"
190,Žalec,3674.0,11,1716.0,True,190,Žalec,190,1,Agree
202,Središče ob Dravi,158.0,87,139.0,True,202,Središče ob Dravi,202,1,Agree
204,Sveta Trojica v Slovenskih goricah,96.0,70,261.0,False,70,Lenart,58,0,"Pattern 3: both external, different centre"
205,Sveti Tomaž,80.0,96,139.0,False,96,Ptuj,96,1,Agree
200,Poljčane,448.0,113,321.0,True,200,Poljčane,200,1,Agree
73,Metlika,1533.0,85,583.0,True,73,Metlika,73,1,Agree
155,Dobrna,186.0,133,224.0,False,133,Velenje,133,1,Agree
63,Ljutomer,2010.0,80,385.0,True,63,Ljutomer,63,1,Agree
117,Šenčur,889.0,52,1044.0,False,52,Kranj,52,1,Agree
136,Vipava,781.0,1,688.0,True,136,Ajdovščina,1,0,"Pattern 2: Commuting self, Huff external"
118,Šentilj,780.0,70,1030.0,False,70,Maribor,70,1,Agree
112,Slovenj Gradec,4252.0,61,523.0,True,112,Slovenj Gradec,112,1,Agree
177,Ribnica na Pohorju,58.0,101,81.0,False,101,Maribor,70,0,"Pattern 3: both external, different centre"
170,Mirna Peč,167.0,85,624.0,False,85,Novo mesto,85,1,Agree
96,Ptuj,5039.0,70,1605.0,True,96,Ptuj,96,1,Agree
152,Cankova,125.0,80,180.0,False,80,Murska Sobota,80,1,Agree
193,Žužemberk,617.0,85,489.0,True,193,Žužemberk,193,1,Agree
196,Cirkulane,159.0,96,335.0,False,96,Ptuj,96,1,Agree
143,Zavrč,91.0,96,209.0,False,96,Ptuj,96,1,Agree
135,Videm,334.0,96,819.0,False,96,Ptuj,96,1,Agree
141,Vuzenica,235.0,81,164.0,True,141,Muta,81,0,"Pattern 2: Commuting self, Huff external"
130,Trebnje,2246.0,61,1511.0,True,130,Trebnje,130,1,Agree
103,Ravne na Koroškem,2164.0,112,645.0,True,103,Ravne na Koroškem,103,1,Agree
69,Majšperk,279.0,96,289.0,False,96,Ptuj,96,1,Agree
85,Novo mesto,11265.0,61,2262.0,True,85,Novo mesto,85,1,Agree
92,Podčetrtek,508.0,11,196.0,True,92,Podčetrtek,92,1,Agree
122,Škofja Loka,4449.0,61,2443.0,True,122,Ljubljana,61,0,"Pattern 2: Commuting self, Huff external"
186,Trzin,452.0,61,911.0,False,61,Trzin,186,0,"Pattern 1: Huff self, Commuting external"
62,Ljubno,387.0,83,170.0,True,62,Ljubljana,61,0,"Pattern 2: Commuting self, Huff external"
153,Cerkvenjak,160.0,70,192.0,False,70,Cerkvenjak,153,0,"Pattern 1: Huff self, Commuting external"
88,Osilnica,15.0,48,26.0,False,48,Ljubljana,61,0,"Pattern 3: both external, different centre"
76,Mislinja,364.0,133,482.0,False,133,Mislinja,76,0,"Pattern 1: Huff self, Commuting external"
108,Ruše,824.0,70,1407.0,False,70,Ruše,108,0,"Pattern 1: Huff self, Commuting external"
137,Vitanje,179.0,144,190.0,False,144,Vitanje,137,0,"Pattern 1: Huff self, Commuting external"
203,Straža,370.0,85,830.0,False,85,Novo mesto,85,1,Agree
206,Šmarješke Toplice,357.0,85,722.0,False,85,Novo mesto,85,1,Agree
207,Gorje,258.0,102,177.0,True,207,Gorje,207,1,Agree
210,Sveti Jurij v Slovenskih goricah,122.0,70,269.0,False,70,Maribor,70,1,Agree
213,Ankaran,252.0,50,578.0,False,50,Ankaran,213,0,"Pattern 1: Huff self, Commuting external"
80,Murska Sobota,4052.0,61,650.0,True,80,Murska Sobota,80,1,Agree
81,Muta,456.0,101,178.0,True,81,Muta,81,1,Agree
86,Odranci,189.0,80,156.0,True,86,Odranci,86,1,Agree
87,Ormož,1580.0,96,687.0,True,87,Ormož,87,1,Agree
90,Piran,3440.0,50,1620.0,True,90,Piran,90,1,Agree
91,Pivka,887.0,94,619.0,True,91,Pivka,91,1,Agree
93,Podvelka,149.0,101,180.0,False,101,Maribor,70,0,"Pattern 3: both external, different centre"
94,Postojna,3333.0,61,2143.0,True,94,Postojna,94,1,Agree
97,Puconci,414.0,80,810.0,False,80,Murska Sobota,80,1,Agree
98,Rače-Fram,647.0,70,1399.0,False,70,Maribor,70,1,Agree
100,Radenci,488.0,29,420.0,True,100,Radenci,100,1,Agree
104,Ribnica,2108.0,61,1166.0,True,104,Ljubljana,61,0,"Pattern 2: Commuting self, Huff external"
107,Rogatec,337.0,106,401.0,False,106,Rogaška Slatina,106,1,Agree
109,Semič,485.0,85,302.0,True,109,Črnomelj,17,0,"Pattern 2: Commuting self, Huff external"
110,Sevnica,3430.0,61,1128.0,True,110,Sevnica,110,1,Agree
111,Sežana,3108.0,61,647.0,True,111,Sežana,111,1,Agree
113,Slovenska Bistrica,4963.0,70,2219.0,True,113,Slovenska Bistrica,113,1,Agree
114,Slovenske Konjice,3090.0,144,981.0,True,114,Slovenske Konjice,114,1,Agree
119,Šentjernej,968.0,85,1288.0,False,85,Novo mesto,85,1,Agree
123,Škofljica,983.0,61,3346.0,False,61,Ljubljana,61,1,Agree
124,Šmarje pri Jelšah,1212.0,11,958.0,True,124,Šmarje pri Jelšah,124,1,Agree
55,Kungota,354.0,70,905.0,False,70,Maribor,70,1,Agree
56,Kuzma,94.0,80,118.0,False,80,Kuzma,56,0,"Pattern 1: Huff self, Commuting external"
7,Brda,607.0,84,728.0,False,84,Nova Gorica,84,1,Agree
11,Celje,11820.0,61,2863.0,True,11,Celje,11,1,Agree
16,Črna na Koroškem,320.0,74,303.0,True,16,Črna na Koroškem,16,1,Agree
22,Dol pri Ljubljani,513.0,61,1712.0,False,61,Ljubljana,61,1,Agree
58,Lenart,1056.0,70,1028.0,True,58,Maribor,70,0,"Pattern 2: Commuting self, Huff external"
61,Ljubljana,105397.0,23,1542.0,True,61,Ljubljana,61,1,Agree
65,Loška dolina,770.0,13,232.0,True,65,Ljubljana,61,0,"Pattern 2: Commuting self, Huff external"
70,Maribor,29504.0,61,3985.0,True,70,Maribor,70,1,Agree
71,Medvode,1933.0,61,3643.0,False,61,Ljubljana,61,1,Agree
72,Mengeš,982.0,61,1620.0,False,61,Ljubljana,61,1,Agree
77,Moravče,512.0,61,959.0,False,61,Ljubljana,61,1,Agree
78,Moravske Toplice,506.0,80,880.0,False,80,Murska Sobota,80,1,Agree
79,Mozirje,445.0,83,318.0,True,79,Mozirje,79,1,Agree
23,Domžale,5181.0,61,7602.0,False,61,Domžale,23,0,"Pattern 1: Huff self, Commuting external"
195,Apače,261.0,29,275.0,False,29,Maribor,70,0,"Pattern 3: both external, different centre"
179,Sodražica,242.0,61,260.0,False,61,Ljubljana,61,1,Agree
164,Komenda,801.0,61,1177.0,False,61,Komenda,164,0,"Pattern 1: Huff self, Commuting external"
178,Selnica ob Dravi,348.0,70,846.0,False,70,Maribor,70,1,Agree
84,Nova Gorica,7229.0,183,2035.0,True,84,Nova Gorica,84,1,Agree
2,Beltinci,689.0,80,1175.0,False,80,Murska Sobota,80,1,Agree
12,Cerklje na Gorenjskem,1072.0,61,854.0,True,12,Cerklje na Gorenjskem,12,1,Agree
54,Krško,5824.0,61,1193.0,True,54,Krško,54,1,Agree
64,Logatec,2627.0,61,2400.0,True,64,Ljubljana,61,0,"Pattern 2: Commuting self, Huff external"
59,Lendava,1904.0,61,517.0,True,59,Lendava,59,1,Agree
60,Litija,2065.0,61,3156.0,False,61,Ljubljana,61,1,Agree
183,Šempeter-Vrtojba,929.0,84,893.0,True,183,Šempeter-Vrtojba,183,1,Agree
142,Zagorje ob Savi,2718.0,61,2143.0,True,142,Ljubljana,61,0,"Pattern 2: Commuting self, Huff external"
13,Cerknica,2255.0,61,1400.0,True,13,Cerknica,13,1,Agree
20,Dobrepolje,441.0,61,724.0,False,61,Ljubljana,61,1,Agree
140,Vrhnika,2442.0,61,3734.0,False,61,Vrhnika,140,0,"Pattern 1: Huff self, Commuting external"
57,Laško,1974.0,11,1196.0,True,57,Laško,57,1,Agree
68,Lukovica,590.0,61,1055.0,False,61,Ljubljana,61,1,Agree
208,Log-Dragomer,278.0,61,947.0,False,61,Ljubljana,61,1,Agree
209,Rečica ob Savinji,232.0,83,255.0,False,83,Rečica ob Savinji,209,0,"Pattern 1: Huff self, Commuting external"
211,Šentrupert,321.0,130,197.0,True,211,Šentrupert,211,1,Agree
212,Mirna,313.0,130,256.0,True,212,Trebnje,130,0,"Pattern 2: Commuting self, Huff external"
4,Bohinj,1187.0,61,302.0,True,4,Bohinj,4,1,Agree
