Muni_ID,Muni_Name,GI_Final_NotWeighted,GI_AHP,rank_NW,rank_AHP,rank_change,n_Culture_Sum,n_Education_Sum,n_Finance_Sum,n_Healthcare_Sum,n_JudiciaryAndEmergency_Sum,n_Residential_Sum,n_SportsAndRecreation_Sum,n_TradeAndBusiness_Sum,n_Tourism_Sum,n_TrafficAndCommunication_Sum,n_Finance_Weighted,n_Culture_Weighted,n_Education_Weighted,n_Healthcare_Weighted,n_Judiciary_Weighted,n_Residential_Weighted,n_SportsAndRecreation_Weighted,n_Tourism_Weighted,n_TradeAndBusiness_Weighted,n_TrafficAndCommunication_Weighted
11026923.0,Izola,0.06965305974155651,0.06606094482233194,36,33,3,0.04378218867867058,0.029108673625962055,0.010869565217391304,0.11358971044666336,0.0,0.11541547805499396,0.08010579158333385,0.14970459584692725,0.086853769636236,0.06710082432538667,0.0025,0.04165251393354753,0.015153238995481967,0.11507864760626649,0.0,0.04075856115262217,0.08106386266781375,0.07691320954250774,0.1365460076833392,0.061348813364708786
11027776.0,Koper,0.2560969808418661,0.2464963653435195,3,4,1,0.26868898671428787,0.22019171707535573,0.16772068511198945,0.15562433928381825,0.4405594405594405,0.2054559736633403,0.26215430687219293,0.2099043338453781,0.20856219421977243,0.4221078310730851,0.164609696969697,0.25468697186214423,0.2533909602282344,0.15391446736684683,0.42718170388113397,0.20081743709611188,0.2488446361701487,0.20595917814815737,0.21884398729506202,0.41917189200232363
11027997.0,Piran,0.12105168905525363,0.09358497859461389,12,19,7,0.09746072210397429,0.08329793505862025,0.03399209486166008,0.08560220560387477,0.16317016317016317,0.10304213998670786,0.1627279919324711,0.11150687288831933,0.2902003890224087,0.07951637592433677,0.023403636363636,0.08342238063540561,0.08736097424527635,0.08288920085748278,0.15533713278819417,0.059697055241498966,0.17531911710027373,0.2635516779981584,0.12126192773523818,0.05369463336006716
24063526.0,Ankaran,0.024965220636056336,0.024364151059749376,92,76,16,0.0010357695920387906,0.0038342883788828855,0.005533596837944663,0.06194690265486725,0.0,0.08131161808614867,0.022763997671708,0.01484411005563216,0.03541453496291454,0.022967388120426407,0.005169090909091,0.00013226536343877537,0.0008406231522630164,0.06522000048008834,0.0,0.06801600342413909,0.02321419343573371,0.030675862354628648,0.00779143541024721,0.014650419117851731
11026516.0,Ajdovščina,0.09409662141613577,0.07235639068963735,23,29,6,0.07359695178022509,0.05160481421984591,0.026482213438735178,0.08160771321545207,0.13986013986013984,0.10167420323165595,0.17480057476028102,0.13399586338219693,0.05103568933635954,0.10630805093646618,0.01778,0.031784375415395784,0.01694590861188265,0.0818295473339795,0.1323752099336472,0.0861342741718814,0.175080440219317,0.04350780266426736,0.10261846870595846,0.11011245623933373
11026524.0,Beltinci,0.025327154287411762,0.016349008683480576,90,98,8,0.021866246943041134,0.014648557080635357,0.003952569169960474,0.0022123893805309734,0.027972027972027972,0.09259510980539183,0.013426740787484244,0.02829985872020026,0.00999872374845094,0.038299319266394474,0.000909090909091,0.009325330224503466,0.0035884358017370093,0.00104019139521672,0.023127116544148014,0.15711233426076687,0.00877315706127713,0.011560634915714501,0.02905293416823252,0.038831262627370966
11026532.0,Bled,0.06216520877259649,0.031967222460431,43,62,19,0.06857613875159926,0.024208242404764838,0.015019762845849802,0.00663716814159292,0.027972027972027972,0.032858573946510095,0.08113398664467569,0.054526722338980926,0.24965580617953056,0.06106365850043287,0.011247272727273,0.049071024297375546,0.022695699436320816,0.00312057418565016,0.023127116544148014,0.011024336352225186,0.08717442213395027,0.22754527535534222,0.043081757893354486,0.04824159862592874
11026559.0,Bohinj,0.05508887910065259,0.030391557882743527,48,67,19,0.08621556457340913,0.007832444753722898,0.012055335968379446,0.011061946902654867,0.05128205128205128,0.02061409828648112,0.037648507767268094,0.06197777644618429,0.21007457641962693,0.052126488606747894,0.010565454545455,0.060870321003558756,0.0017121063317308265,0.010874000816150172,0.04608903939869497,0.007538880009005687,0.03067431039822915,0.18692722612226584,0.05946864326416382,0.03620508207431604
11026575.0,Bovec,0.05517620119918106,0.021864938244529532,47,81,34,0.0558480224983605,0.005925046027320444,0.00849802371541502,0.0022123893805309734,0.03496503496503496,0.013721264709390116,0.16969979346412575,0.034094161604172994,0.19701292220273658,0.029785353424723333,0.005850909090909,0.03935820205041032,0.0013529002753965,0.00104019139521672,0.031799785248203524,0.012859227745939839,0.17298658317871834,0.17652860383603378,0.030828382588058343,0.019427185549573088
11026583.0,Brda,0.01968016220293443,0.012944434005702792,110,108,2,0.01700954728042134,0.008950308039403101,0.007509881422924901,0.019911504424778757,0.0,0.02419664037068486,0.04594043116403259,0.024654961263610636,0.036220526879604496,0.012407821183883606,0.005623636363636,0.008819628983135827,0.002041165576798982,0.0211878985733375,0.0,0.008615790059758219,0.046395774098327305,0.03826964556176408,0.02249589751439945,0.005345010073074234
11026591.0,Brezovica,0.037620630710887275,0.036895364232234835,67,57,10,0.05164462271415637,0.02776706592949312,0.00691699604743083,0.053834808259587016,0.0,0.07482338446189837,0.00706881496415128,0.013742674515091109,0.028613606855644173,0.11179433336142047,0.001590909090909,0.02781430472971842,0.006296026827287034,0.054524699211321546,0.0,0.07956566652063429,0.004518468232205459,0.028011170951253876,0.006653650421895189,0.12344874993570472
11026605.0,Brežice,0.10656045061029315,0.10235759864999462,19,15,4,0.04866807064501601,0.048651816587474646,0.11277997364953886,0.11781444704499255,0.19114219114219114,0.09216551596011753,0.05932889886907078,0.1328364276933043,0.08736577873009362,0.17485138578113196,0.128595151515152,0.0161768399440905,0.01922023931793603,0.116987564313816,0.17846424933234217,0.031388850635240696,0.05920383325300075,0.07509487105371997,0.1453105345540821,0.15464390375671022
11026630.0,Cerklje na Gorenjskem,0.025577206198619508,0.016096219716325848,89,99,10,0.06627402198471732,0.014608467400248995,0.005928853754940711,0.011061946902654867,0.0,0.03453776028305648,0.021002282584821324,0.009806266600855523,0.030280037296515096,0.062272425178384744,0.001363636363636,0.030812667041980036,0.003343805093589779,0.01111404498427711,0.0,0.012471795725668812,0.013412853397942322,0.03127043883482108,0.004251999697544647,0.06812828373256367
11026648.0,Cerknica,0.07303114382905973,0.0870047331467949,34,25,9,0.07097140084414637,0.022165696070723766,0.019565217391304346,0.1613525979065331,0.1678321678321678,0.03812041696471866,0.053171684231614426,0.02731602757280885,0.05055198565000125,0.11926424382657869,0.016189090909091,0.04765152995700319,0.004767001130140546,0.17492873913978402,0.15550232647779522,0.014153582546670925,0.050964617822770196,0.046738235351414976,0.022992138429358697,0.13250762253284618
11026656.0,Cerkno,0.022160790259666188,0.02287417105092494,100,80,20,0.02008869488615947,0.01881985086661976,0.001976284584980237,0.04056047197640117,0.03496503496503496,0.01925786538280627,0.005641162332201272,0.03591211805415195,0.02554513520566698,0.01884128434263983,0.000454545454545,0.008685175888240438,0.01855680789417803,0.04237046283182772,0.031799785248203524,0.007329390588875621,0.003650676735373573,0.02452697918721606,0.019299543260391204,0.010730926659189973
11026664.0,Črenšovci,0.010047340690436144,0.005985863323872011,172,159,13,0.010160702278786706,0.006566839877814617,0.0009881422924901185,0.008267349790405215,0.0,0.043801698297809,0.004548473543299635,0.014544570784400048,0.0009954076638529683,0.01060022237550312,0.000227272727273,0.0029507759497644785,0.0014737644842399483,0.007248491617194406,0.0,0.056780599303745384,0.003158910699642539,0.0006755431709092072,0.007746674093940504,0.00872480254096049
11026672.0,Črna na Koroškem,0.03161311008726257,0.011204726172801265,73,119,46,0.06242178188561882,0.008195567349490309,0.001976284584980237,0.0022123893805309734,0.0,0.007620076242970528,0.11286110181271018,0.06861882501697313,0.046958959431875565,0.005266115167475931,0.000454545454545,0.04048346900381999,0.001899030939176591,0.00104019139521672,0.0,0.002451402456674581,0.07421424620140778,0.026738314895862956,0.046916477748094175,0.0019944294355456874
11026699.0,Črnomelj,0.07454818202852008,0.05556337324494698,31,39,8,0.0977202059790332,0.04608784420769317,0.018972332015810278,0.048439312080648785,0.17482517482517482,0.0483027601627094,0.1252767014652598,0.10164207778207339,0.031208455890371738,0.05300695587642635,0.012156363636364,0.07372910897342337,0.039515923446157675,0.04442961132043567,0.16417499518185075,0.016219594521282917,0.1275565101312692,0.02947499952899583,0.07602329737323264,0.039233788301698026
11026729.0,Divača,0.03648747434160353,0.029397866543830704,69,70,1,0.04081651960728215,0.01991389651536519,0.001976284584980237,0.0022123893805309734,0.027972027972027972,0.013771279073316689,0.05580380799670945,0.02926009858280609,0.048033142137655166,0.12511529756536136,0.000454545454545,0.024744142023721494,0.01888138174281799,0.00104019139521672,0.023127116544148014,0.004732683675751176,0.053392405305924706,0.047299476155303506,0.01988736833291074,0.13757971251539486
11026737.0,Dobrepolje,0.011279636722035361,0.008668816507531124,158,136,22,0.01142900662587901,0.01945881718960842,0.0009881422924901185,0.0022123893805309734,0.027972027972027972,0.01725963336380764,0.004868257291314594,0.0009076947613094321,0.001207515811831782,0.026492882531553637,0.000227272727273,0.002442025318406988,0.01867713961603259,0.00104019139521672,0.023127116544148014,0.006535343097347714,0.004330550533459751,0.0008993032364626245,0.00013564035244455945,0.02069499437124805
11026753.0,Dol pri Ljubljani,0.01858868051381966,0.006329440812840392,116,154,38,0.020305151518460747,0.012119141555083528,0.0029644268774703555,0.0022123893805309734,0.027972027972027972,0.045234699697742894,0.05051956707324238,0.002099800547829153,0.00546828979564269,0.016991310720165922,0.000681818181818,0.005088399454092747,0.0024008472394128145,0.00104019139521672,0.023127116544148014,0.022727185695968054,0.04892801577697503,0.004631538759617302,0.00031378134865508084,0.01368240688194339
11026761.0,Domžale,0.11099297754147157,0.08974699018904955,15,22,7,0.12209939590543926,0.09460459943730243,0.026284584980237155,0.10545552637531616,0.1678321678321678,0.1705972833019546,0.13794175937641776,0.14329932309187926,0.03237924455021804,0.10943589056378339,0.009941818181818,0.09674210789989324,0.05650394924947459,0.09877882302602965,0.15550232647779522,0.1021830414426548,0.1347167921949332,0.03133855881629824,0.1170301342853174,0.10768438532111888
11026796.0,Duplek,0.015072844008860563,0.006306876647357044,129,155,26,0.01771318888740289,0.013058182694792836,0.0029644268774703555,0.0022123893805309734,0.03496503496503496,0.04217048508496428,0.007737972849377598,0.00848708354775248,0.0013153190257552806,0.020104356775524,0.000681818181818,0.004687228451168632,0.0028147707147563508,0.00104019139521672,0.031799785248203524,0.014549242323544183,0.005886815658562199,0.0008806112805427313,0.004054869051991887,0.01312138901396166
11026800.0,Gorenja vas-Poljane,0.024269776551224136,0.011496136279967168,95,116,21,0.02534945097772809,0.020940972336243736,0.012055335968379446,0.0022123893805309734,0.02331002331002331,0.026632218048515406,0.055549075602937995,0.032286290071248634,0.020461899791963677,0.023900110024670088,0.010565454545455,0.006223828642835856,0.004773439040702229,0.00104019139521672,0.022961922854546957,0.009550533023128097,0.059803289756038845,0.015908073357372977,0.028646219875147684,0.015069356417708638
11026826.0,Gornja Radgona,0.0393002392764641,0.03544194039362167,62,59,3,0.025994325051421865,0.011704920376638596,0.02351778656126482,0.050887905091791134,0.13986013986013984,0.03795035403326616,0.00410842670145805,0.035552547152115054,0.03403245786549286,0.02939353007105269,0.017098181818182,0.009223374587447363,0.0026784614605310526,0.048008694493544425,0.1323752099336472,0.013418427875701109,0.0028806434079729688,0.0532281194248268,0.032662557920150014,0.025006300330796646
11026842.0,Gornji Petrovci,0.011879267366623942,0.010699444742716956,151,123,28,0.0007920590997943692,0.002006189603566415,0.0009881422924901185,0.017116907312529107,0.0,0.010162724210338401,0.0012752933174630164,0.06269268928002172,0.005833134475212845,0.01792553407482342,0.000227272727273,0.00010114410145318114,0.000496351059290837,0.017322345206254794,0.0,0.0033449852804353273,0.0007714458132098911,0.006907025986539018,0.03444791281855488,0.010926242143291869
11026869.0,Grosuplje,0.07386621589496245,0.058287150716352834,32,37,5,0.06854824195584477,0.04997989077375567,0.02351778656126482,0.06446371517278769,0.17482517482517482,0.10117583200711514,0.03605607297137951,0.10449164992040232,0.018834455268745633,0.09676933949315421,0.017098181818182,0.03696066228653974,0.011783146125366382,0.061762919237163996,0.16417499518185075,0.0457794557764974,0.03251451460567169,0.017176556891188566,0.07855928382628749,0.0873549281013367
11026885.0,Hrastnik,0.037334626297568445,0.03147383663401565,68,64,4,0.022793875677109502,0.013146076904767112,0.09479578392621871,0.046153573907115795,0.06293706293706293,0.038258414555600265,0.04309380797223,0.017358462843816303,0.005862444383156718,0.028946759868607133,0.116666060606061,0.009342478833880572,0.002949863630336364,0.04325720293514706,0.05492690179235154,0.012459062081335046,0.0409826641502521,0.004981998902929126,0.00998058291576794,0.019443005469288847
11026893.0,Idrija,0.06454583780589569,0.04990606860129488,41,42,1,0.09536484227193573,0.02962775389822188,0.030039525691699605,0.0544472450347227,0.23076923076923075,0.03161757026153973,0.03229355701901231,0.08204002032494649,0.030433613932826346,0.028825018854821267,0.022494545454545,0.06628967906952832,0.009208836003094299,0.05034211636620847,0.21042922827014673,0.011456756437493778,0.032860871706555606,0.02608790113976989,0.06929990046769118,0.016151647139601964
11026915.0,Ivančna Gorica,0.06425181382637968,0.04458934547634969,42,48,6,0.1042634160966639,0.04740887452837197,0.011462450592885375,0.027701607877352607,0.055944055944055944,0.11384686493531929,0.07538604589200788,0.05853476745963746,0.018551834980884526,0.1294182199566179,0.006532727272727,0.0609248152425876,0.013742825317908785,0.023880450340890896,0.04625423308829603,0.1284302287634893,0.0756746311349673,0.01719790243194043,0.05370216219769232,0.13024803030844442
11026931.0,Juršinci,0.023256643672676228,0.030794503597915256,98,66,32,0.014006323193701022,0.045002219237980645,0.0009881422924901185,0.011061946902654867,0.09090909090909091,0.01486262286165571,0.01143246636046679,0.02215510018116074,0.003433170963285778,0.018715353824275693,0.000227272727273,0.008787041337699978,0.07798999941426996,0.01111404498427711,0.07805401833649954,0.005083772399604665,0.006984439592633955,0.003440551074686823,0.029645622750109072,0.01916584806984936
11026958.0,Kobarid,0.04015899694467191,0.01866124168901817,61,88,27,0.0982689695129184,0.010084808742634763,0.014031620553359683,0.0022123893805309734,0.03496503496503496,0.016427245848869274,0.06483408714597616,0.03523334899501396,0.10567973422968292,0.019852730072698048,0.01102,0.07679664381992395,0.00237335802158229,0.00104019139521672,0.031799785248203524,0.013677906002378427,0.06426242458439056,0.09408223040426036,0.03271344634458295,0.011445776863686337
11026966.0,Kočevje,0.06909675495085929,0.06405279840431678,38,34,4,0.06113080459623903,0.04104654611107361,0.0922266139657444,0.05603039922773466,0.1678321678321678,0.03842279204153819,0.08006696810974125,0.033676583714613635,0.01985284171152361,0.10068183219821675,0.112178787878788,0.049862757296257824,0.026371858185391697,0.05417423862154782,0.15550232647779522,0.01326799271461474,0.07424063188249719,0.015932254437524024,0.03322245022696128,0.11181630490903724
11026974.0,Kozje,0.019363725210235348,0.009977110286313139,111,126,15,0.04644768272933061,0.005587478729163965,0.0009881422924901185,0.0022123893805309734,0.08624708624708624,0.01486476207574498,0.017585116892272098,0.007773030335522394,0.0024954210607424656,0.009436142359469619,0.000227272727273,0.032828691008437945,0.001289328765024925,0.00104019139521672,0.07788882464689849,0.005311275555452701,0.01876346915624742,0.0014339167192588176,0.0039481653080688335,0.003269902132935368
11027008.0,Kungota,0.013348138303214527,0.008532903204801856,140,137,3,0.025657213586523925,0.009860174852627334,0.0009881422924901185,0.011061946902654867,0.0,0.026091225494140776,0.008575575111218115,0.026042686114387124,0.011819654449609689,0.013384764228493313,0.000227272727273,0.011857927422799045,0.002331054410579678,0.01111404498427711,0.0,0.008998469079578308,0.005506277137458834,0.009500486628231894,0.022632332165627687,0.008075195077303665
11027016.0,Lenart,0.05100973461634587,0.05171532994334377,52,41,11,0.022055714090023035,0.02136633792557379,0.005928853754940711,0.05954447321974015,0.19813519813519814,0.04726410652561303,0.02041006825298499,0.07601060092130732,0.02469391375524635,0.034688079582831266,0.001363636363636,0.014562281873096284,0.01891782818943021,0.057671748795309896,0.18713691803639768,0.019287680843913167,0.020087875018610233,0.028370694555910018,0.08870003045358286,0.03171619841538278
11027024.0,Litija,0.0876399219922036,0.09305471259462572,25,20,5,0.1288947826853502,0.061961072971498034,0.011857707509881422,0.14777601843260293,0.23076923076923075,0.04954158239138716,0.04366584546088794,0.0791887811697988,0.01496442408782751,0.10777977444357138,0.002727272727273,0.09781565033799876,0.046034383415615984,0.15192148580864875,0.21042922827014673,0.017525387378350625,0.042069262199368046,0.015208639760688024,0.049409739031640566,0.10486169000942698
11027032.0,Ljubno,0.015063510231936925,0.004492832269952519,130,177,47,0.0315441702484428,0.003570434219680495,0.0009881422924901185,0.0022123893805309734,0.0,0.018214774522410337,0.049226322054072444,0.00972461237169469,0.027168324274885736,0.007985932955161649,0.000227272727273,0.016647260593454064,0.0007909334829439739,0.00104019139521672,0.0,0.00911076464707564,0.048145218055422975,0.022839280318918034,0.006053215795073938,0.003568613369072959
11027059.0,Logatec,0.04793646339584401,0.0401494801690348,56,54,2,0.046216726585338715,0.04230993331776703,0.018972332015810278,0.04508001430044999,0.11888111888111887,0.0668407940823875,0.017904146808039364,0.022547489528658905,0.0242051486225027,0.07640692981636664,0.012156363636364,0.015707571377389037,0.023810301670611076,0.04226765553065555,0.10118113488064756,0.0668385233467801,0.014586030543778678,0.027301795497296614,0.012569417326491972,0.07844702813854879
11027075.0,Luče,0.00648319117326974,0.0020104023677839566,192,196,4,0.017948848135946712,0.002189136874872254,0.0009881422924901185,0.0,0.0,0.003946712696000137,0.006878854863891423,0.000574873348829307,0.02573208364302077,0.006573259877646667,0.000227272727273,0.009641409658853562,0.000530804142924191,0.0,0.0,0.0013452748561435476,0.005308548677345524,0.024232419133158118,8.590555654822096e-05,0.0027678943565877974
11027083.0,Majšperk,0.020315512770509365,0.013174492146046388,107,107,0,0.0428387705611227,0.018131550547227274,0.001976284584980237,0.0022123893805309734,0.06293706293706293,0.03575525770752111,0.005364202698659526,0.009688304581242311,0.010280710526721134,0.013970594180025435,0.000454545454545,0.029154142540227173,0.01842718547182853,0.00104019139521672,0.05492690179235154,0.053889614145684,0.003287108662181664,0.00948351821823901,0.006047790180976156,0.007213277841685359
11027091.0,Mengeš,0.01645453959535722,0.004579359900800602,123,175,52,0.027594464644132424,0.013127713620011618,0.001976284584980237,0.0022123893805309734,0.0,0.06969984538292495,0.02015634703302673,0.00974877926597259,0.006827862276520245,0.013201709765472433,0.000454545454545,0.010446786760638087,0.002946405411031162,0.00104019139521672,0.0,0.023405523981796017,0.020959196683897594,0.004994156130840281,0.0042434091418898255,0.011719864006601455
11027105.0,Mežica,0.010989743666700838,0.004023657576461868,164,182,18,0.006577644639638496,0.006064556780189452,0.0009881422924901185,0.0022123893805309734,0.0,0.028084176526191607,0.01960061524295861,0.0249272923234417,0.01314010142437304,0.008302518057194388,0.000227272727273,0.0016119674534617761,0.001379173286204695,0.00104019139521672,0.0,0.010849287492824055,0.013132506156878937,0.013884471659705659,0.01561306425874344,0.0036503756434021132
11027113.0,Mislinja,0.02714968615716931,0.0159897320766239,85,100,15,0.06659441675486943,0.021293879657415596,0.001976284584980237,0.0022123893805309734,0.06293706293706293,0.015355639181718695,0.0248443561665661,0.0295979702877729,0.03811109268935407,0.008573769931422164,0.000454545454545,0.043807491781631645,0.019259804048996736,0.00104019139521672,0.05492690179235154,0.005166772310001225,0.017547063115142075,0.025827298555366758,0.026529663250451023,0.0054573056465332375
11027121.0,Moravče,0.01328961842438478,0.0036963803034050814,141,184,43,0.051401087138272385,0.009829642830349521,0.0029644268774703555,0.0022123893805309734,0.027972027972027972,0.026790870823696813,0.0021829345073691273,0.0014039012308252551,0.004326265695384224,0.0038126377879211717,0.000681818181818,0.012217531628734311,0.001969683164219524,0.00104019139521672,0.023127116544148014,0.009601572119120962,0.0014396154610818409,0.002370713572948123,0.00020979041178091862,0.0007472945993350342
11027148.0,Murska Sobota,0.16459647119707643,0.16989564914685432,8,8,0,0.07328332674596866,0.0789039000490609,0.15230566534914358,0.2035671634542352,0.4265734265734265,0.17863436563713414,0.16754322215071002,0.1997813397689948,0.0634744476005145,0.10189785464157627,0.157167878787879,0.07669839851920031,0.08183340729441463,0.20422198984524384,0.40139313344896893,0.28609079076053817,0.17253091513899052,0.07079801373059968,0.20887073878289325,0.09369179811886026
11027156.0,Nova Gorica,0.2044542479380594,0.23079248889960616,5,5,0,0.1377898410912503,0.1706014341947306,0.1481554677206851,0.3017918405528442,0.4242424242424242,0.09813795912005585,0.21906727563936684,0.2406926289995694,0.10335467059586965,0.20070893722379782,0.148420606060606,0.11812869684364384,0.2152470779837704,0.3064772339529174,0.4097354147738223,0.07569723981405131,0.20610133387306473,0.09534387141404545,0.20036010383280045,0.1803511020255329
11027164.0,Odranci,0.009796765153699562,0.005020720541040103,174,173,1,0.0014114899342489399,0.0023255589538811773,0.0009881422924901185,0.0,0.03496503496503496,0.034339997105002226,0.0036776563568949117,0.007158823547036344,0.00017206670084078614,0.012928881681566164,0.000227272727273,0.00046097763372586915,0.0005564954870146588,0.0,0.031799785248203524,0.011274099870464691,0.0025140270176006786,0.00014404067121738865,0.003856382002914682,0.012172153985256994
11027172.0,Ormož,0.06526435076080213,0.06902284857577008,40,32,8,0.03158598471352469,0.06529738751468817,0.005928853754940711,0.07184459607154446,0.17482517482517482,0.08001817994012696,0.05533962969637641,0.07974128732108433,0.008592560064373454,0.0794698537061873,0.001363636363636,0.012654077091535182,0.07764610234729273,0.06772881144100808,0.16417499518185075,0.11112101058957784,0.05443171331445781,0.007927805523911523,0.08414741066998994,0.06208128846440503
11027202.0,Podčetrtek,0.02829178418885527,0.020095906520300605,84,84,0,0.03560457972633343,0.00803698510370739,0.007509881422924901,0.0022123893805309734,0.0,0.040601448716604996,0.03506169294823404,0.020264667669363315,0.04607406211523417,0.08755213480561948,0.005623636363636,0.02373799707581326,0.0015135449573071232,0.00104019139521672,0.0,0.05650711884359353,0.031179173979585476,0.04117770672741986,0.013943116954300597,0.10126218075314823
11027229.0,Postojna,0.1326529195806632,0.1389249686053224,10,11,1,0.10760559863413377,0.044626594617538186,0.11989459815546771,0.18700588607191185,0.13986013986013984,0.07820325282949425,0.10589402871342499,0.2056492190752089,0.16671310372908435,0.17107677412022795,0.138024242424242,0.07389434875674993,0.02414873563433569,0.19148599226543256,0.1323752099336472,0.07510576627437283,0.10442400634294723,0.18164635698234813,0.18849875724537385,0.18814631212789848
11027237.0,Preddvor,0.01778673750101211,0.008852787119429004,120,133,13,0.05131815787355032,0.008158228746092644,0.001976284584980237,0.0022123893805309734,0.027972027972027972,0.014668842459983426,0.01330127115276923,0.017022615782131812,0.02245747916847432,0.018780077889580162,0.000454545454545,0.03677279308082347,0.0018919992408274976,0.00104019139521672,0.023127116544148014,0.00547506256377396,0.008483835957221563,0.014354675222484814,0.009930395985363454,0.01874668633756692
11027261.0,Radlje ob Dravi,0.04889005589890032,0.0389633828915889,54,55,1,0.09011849223362814,0.03247285529938948,0.009486166007905139,0.06129253396485104,0.05128205128205128,0.040555750211785827,0.11757516197223933,0.03143103235233544,0.033776974580727884,0.02090954108408965,0.006078181818182,0.06452988127127085,0.03637766338019423,0.06037832087864731,0.04608903939869497,0.05603878756317078,0.09190503460249545,0.02177840955993694,0.017656724026437278,0.015959659984116328
11027270.0,Radovljica,0.10841923278155456,0.07451305437141538,18,27,9,0.15123690467848575,0.05037598746804541,0.03695652173913043,0.029107511486024137,0.1678321678321678,0.0674124285386023,0.14279285143322124,0.21319202986177485,0.10779200514837102,0.11749391962972248,0.024085454545455,0.11340626695678724,0.031520984733842135,0.024623540478036655,0.15550232647779522,0.025164619403341863,0.1461263086813251,0.0943944840064666,0.1759213159293658,0.10692173503586327
11027296.0,Ribnica,0.03445561351380068,0.03544311202612993,71,58,13,0.06025091384616127,0.01641476049361255,0.004940711462450593,0.053263149309931465,0.02331002331002331,0.03541669139522367,0.006376466587315083,0.046630664023439856,0.006585540279722366,0.09136721443012659,0.001136363636364,0.03603624026888652,0.003209808846163142,0.051455560676581295,0.022961922854546957,0.013231941166740818,0.0038572290660494556,0.006610631909500197,0.02986975978671128,0.10257523486913196
11027334.0,Ruše,0.03788408522774362,0.02362094292752617,66,78,12,0.035737435793286115,0.012433773179243036,0.00849802371541502,0.017116907312529107,0.03496503496503496,0.03148559080878942,0.07175612945782997,0.058109212858539316,0.058865695457302684,0.049873048729466594,0.005850909090909,0.028252704905858947,0.008620797382870946,0.017322345206254794,0.031799785248203524,0.011187483269131429,0.04478361158075853,0.040073012473761285,0.041936653747275655,0.04098583489428617
11027377.0,Sežana,0.12125464724223856,0.1391966261015371,11,10,1,0.13324498057048342,0.033313337140807135,0.04209486166007905,0.24376755953771737,0.16317016317016317,0.07736378728904898,0.13097516168388926,0.1395328465647124,0.0856595077617755,0.1634242670437092,0.03306,0.11873139967200969,0.02479698064247324,0.25473603560337227,0.15533713278819417,0.11011587416216999,0.10169765585102702,0.0806312215066522,0.1262264641854749,0.16839713515187335
11027385.0,Slovenj Gradec,0.09751332932785654,0.09146957506033636,22,21,1,0.13274763299162715,0.07801336569561625,0.019367588932806323,0.11845073500106942,0.3076923076923077,0.08752939385948406,0.060790019962266476,0.061489864025736814,0.06264737931260979,0.04640500580504132,0.008350909090909,0.06621336070286712,0.07223135915576633,0.11986938825747588,0.30021199856832137,0.07848404007051311,0.041859613376538575,0.04910491887278438,0.06681886312430713,0.034875048642353676
11027393.0,Slovenska Bistrica,0.10575438250494744,0.08766791993574669,20,24,4,0.11812544711176377,0.09659447797205402,0.04762845849802371,0.07799041233819023,0.1678321678321678,0.10148366114308272,0.13638673729337833,0.08874116531214078,0.09990700793083815,0.12285428961783475,0.038229090909091,0.06622908951727045,0.08140996116092107,0.07268520019403271,0.15550232647779522,0.06885583358486963,0.0977466874165855,0.10901714192800248,0.09348760676829569,0.11764593238271578
11027407.0,Slovenske Konjice,0.06922559948574426,0.07152792476801187,37,30,7,0.059460722096701245,0.07617745728040648,0.025494071146245058,0.06689127811041198,0.23076923076923075,0.07907164607599984,0.02195548179964887,0.023750215552791533,0.01483478829305048,0.09385110373295627,0.017552727272727,0.024509198314212485,0.09040828265278805,0.06380636391469183,0.21042922827014673,0.07016838693775918,0.016630968863898636,0.011988108459636916,0.014463975907687705,0.10694274073427863
11027415.0,Starše,0.011186939083568569,0.005902501917825047,160,160,0,0.00048742098448884273,0.006763641351230489,0.0009881422924901185,0.0022123893805309734,0.027972027972027972,0.030288675461687828,0.009336656168782898,0.00794851798937555,0.0025878901885945174,0.02328402904647649,0.000227272727273,6.224252397118841e-05,0.0015108266255573193,0.00104019139521672,0.023127116544148014,0.01178529668711476,0.005729129644215779,0.0028782407778122246,0.003974389109541449,0.019817224873385296
11027458.0,Šentjernej,0.014362227741983553,0.005733699780214392,136,162,26,0.018624564582358588,0.013749650578634668,0.004940711462450593,0.0022123893805309734,0.0,0.037156874390540905,0.0009076411899061108,0.05717376760175108,0.0010818020131894471,0.007774876220473155,0.001136363636364,0.003891224615109526,0.003182070580854987,0.00104019139521672,0.0,0.013616792910789276,0.0006681696478719498,0.0006498951199277154,0.030836587719056705,0.0035141051861868554
11027474.0,Škocjan,0.007932612381850921,0.005258318532202524,185,169,16,0.006580183290599376,0.006269084884204974,0.0009881422924901185,0.0022123893805309734,0.0,0.021327909860486244,0.00017261251641275551,0.020299974453893647,0.005530778660576293,0.015945048479314824,0.000227272727273,0.0008402740736110434,0.0012991500656698005,0.00104019139521672,0.0,0.007692910445958347,0.00010915296482854476,0.0060595257949409955,0.02054019842102603,0.014186081850028386
11027482.0,Škofja Loka,0.07368759892174057,0.05456088424398109,33,40,7,0.09655548993707089,0.06945094160387554,0.0349802371541502,0.03489748352088568,0.13986013986013984,0.10182902026576915,0.01809423073392136,0.113952891292231,0.058063783199545305,0.06919177164981681,0.023630909090909,0.0677960621579884,0.04431048696241635,0.0324354989960128,0.1323752099336472,0.11753278651099008,0.015567264102481923,0.06546883015151114,0.07979058718591198,0.047540998484402644
11027504.0,Škofljica,0.04018921196132227,0.041431169450534634,60,52,8,0.020657352701396455,0.05169018452364185,0.001976284584980237,0.052670392796149657,0.06293706293706293,0.09824252862979094,0.030541128622345065,0.03728926979542043,0.00997135125362482,0.035916563768810326,0.000454545454545,0.009319259482325431,0.049786680338748536,0.054787063275783095,0.05492690179235154,0.12148232089383568,0.023143699640995486,0.00920318793244734,0.037191969058104006,0.031003063264026617
11027539.0,Šmartno ob Paki,0.009501369371519842,0.00413173753952654,176,179,3,0.008001827828691833,0.0046941871351126934,0.0009881422924901185,0.0022123893805309734,0.0,0.03392402950716647,0.0051119582746750195,0.02160959920610108,0.0022470130605430545,0.016224547029887168,0.000227272727273,0.001583282084645615,0.0010025614176065623,0.00104019139521672,0.0,0.011442701739922333,0.0031275997962455504,0.0012008868185900082,0.011589039927102583,0.014164854022954842
11027547.0,Šoštanj,0.038148310206139444,0.03501608789095656,64,60,4,0.038874362163946075,0.016060118766965233,0.011462450592885375,0.06194690265486725,0.0,0.04081135575542982,0.08058501049764477,0.017833489768901572,0.032886667503849276,0.08102274435690507,0.006532727272727,0.01931449991222301,0.003498643217333146,0.06522000048008834,0.0,0.01698499569362649,0.07936588537943728,0.021490315419863657,0.010051568033547259,0.0898368146685948
11027555.0,Štore,0.013100474090906634,0.010894140922381935,143,122,21,0.019999492269807826,0.017005001655783572,0.001976284584980237,0.011061946902654867,0.0,0.030495007626075404,0.0016851584602322611,0.021830471598019707,0.0014504708547665164,0.025500906956745936,0.000454545454545,0.004659390997137596,0.01821503099203262,0.01111404498427711,0.0,0.009885944704708938,0.001065624011299473,0.0007794275263051633,0.011622045746197424,0.01977957781179583
11027563.0,Tolmin,0.09194334417644277,0.08067409524650043,24,26,2,0.060103822642141744,0.05361323576238809,0.018972332015810278,0.10055205697740718,0.3076923076923077,0.04352922019347037,0.09489598878107652,0.06113480797127974,0.09913624190894885,0.07980342781959719,0.012156363636364,0.03333738955520852,0.04687519154938003,0.10068093896911037,0.28270146747060926,0.03888501830325403,0.09197062128601077,0.08848748821738793,0.04711662583653593,0.059489246235419034
11027580.0,Trebnje,0.054134931375965055,0.04792056476993158,49,44,5,0.036374812100827277,0.04118209404416,0.011462450592885375,0.04942233978546247,0.19580419580419578,0.05823150348764827,0.011196133756788726,0.0334793968636904,0.005781098396240528,0.0984152889277518,0.006532727272727,0.008403759127534726,0.02430914694332774,0.047747335327123254,0.17862944302194325,0.022513506935552104,0.009291299942809951,0.00447217501170955,0.017962819088453832,0.09646226018838425
11027598.0,Tržič,0.04757062033468497,0.029546864605682798,57,68,11,0.045829594496129084,0.027057449420870246,0.011462450592885375,0.019428966823263775,0.11188811188811189,0.04161369988848118,0.057668268398661626,0.0860435191378371,0.044001908642106534,0.03071223405850287,0.006532727272727,0.014108855228529392,0.006162390087341778,0.0183311754054104,0.09250846617659206,0.014294517789378158,0.055888349901690365,0.034126283916948684,0.07982103795522417,0.01913644882749568
11027601.0,Turnišče,0.01314185972201777,0.020723357715901652,142,83,59,0.008354700312254068,0.04544321174476262,0.0009881422924901185,0.008267349790405215,0.0,0.024446449793602443,0.00937204685915336,0.007361542043728784,0.0011544634047734946,0.026030690979007606,0.000227272727273,0.0021196269801660368,0.07807304821630669,0.007248491617194406,0.0,0.008091314631699537,0.007272664347864613,0.0008178842972589632,0.003886675014960634,0.02493026299562393
11027628.0,Velike Lašče,0.016429738805678915,0.01113755623410341,124,120,4,0.042089986714393304,0.01960428785064984,0.0029644268774703555,0.0022123893805309734,0.027972027972027972,0.020881511937539194,0.00473352114229516,0.020736668945244216,0.0024445215947047736,0.020658045641933392,0.000681818181818,0.028259762128689796,0.0187045350115216,0.00104019139521672,0.023127116544148014,0.010659898518454768,0.0029825070875016233,0.0015821902902008857,0.01401364993757177,0.014753774356278011
11027644.0,Vodice,0.015161959179906958,0.00997908988439279,127,125,2,0.015254753623924247,0.021927977070557686,0.001976284584980237,0.0022123893805309734,0.0,0.055203010612578415,0.01299689219782686,0.014086154464541157,0.0038185801399768034,0.024143549724153186,0.000454545454545,0.0034218481972221266,0.019616299765839722,0.00104019139521672,0.0,0.06520613924842796,0.007868727655723254,0.0029308429389783997,0.01023322653202604,0.021088886375490147
11027652.0,Vrhnika,0.09903339336460323,0.09697421919241735,21,18,3,0.14202742738715493,0.07229599427062883,0.020553359683794466,0.10927492112980033,0.19580419580419578,0.09144671528136719,0.06743438323705911,0.15287319329785645,0.04729184706546999,0.09133189648870536,0.016416363636364,0.12241633979737017,0.07580899521460402,0.11071554346535871,0.17862944302194325,0.09607163132466004,0.06763844217050358,0.04296929304282766,0.11651646779398016,0.08885302595787117
11027679.0,Zagorje ob Savi,0.05227480940122138,0.04314745586138592,50,50,0,0.05897793912314997,0.04511514932228096,0.01798418972332016,0.05465536582325812,0.11421911421911421,0.06786366202648071,0.03309864999140717,0.04657365804183944,0.015341608794368246,0.0689187569469948,0.011929090909091,0.017664588272126934,0.02701952716755211,0.051584702852930576,0.10101594119104651,0.0640677786690826,0.029968307943320324,0.014813657982714182,0.039008101967008206,0.05292806967463611
11027687.0,Zreče,0.041733141023788625,0.04446287654942608,59,49,10,0.0600980700394272,0.10905906629480945,0.00849802371541502,0.0022123893805309734,0.027972027972027972,0.02823086206328569,0.07803317472639183,0.022966610708218073,0.0641624709563073,0.01609871438147278,0.005850909090909,0.020568256829970842,0.17749904168572891,0.00104019139521672,0.023127116544148014,0.009686796882968883,0.07655936193319345,0.05013004938606712,0.016160296799326537,0.015217781760385641
11027709.0,Hrpelje-Kozina,0.031243827819156765,0.03366709831513842,75,61,14,0.024866639275710114,0.016805526057127585,0.012055335968379446,0.04056047197640117,0.0,0.018712761989714232,0.03201383412498328,0.04731327309051307,0.03375217812360632,0.08635825758513244,0.010565454545455,0.007979625706671689,0.018296005712901284,0.04237046283182772,0.0,0.007380844079488507,0.021325250003127627,0.03157645693383452,0.03792792815513056,0.08945850705483573
11027725.0,Jesenice,0.08202404985624136,0.07253521368012587,27,28,1,0.06021333046601418,0.03485806561971389,0.019367588932806323,0.07220765504934629,0.19114219114219114,0.0841139285628199,0.046883696217377924,0.12632096520114638,0.04235322881936669,0.14277984855163084,0.008350909090909,0.051536276091796715,0.013348923377254423,0.07433772752458057,0.17846424933234217,0.03174722421659615,0.04637496433612637,0.03772749384501055,0.09853167000223306,0.1376492777300677
11027741.0,Kidričevo,0.02933663505999151,0.04540683642157963,78,46,32,0.011853547178875302,0.010820716859491708,0.00849802371541502,0.11725663716814157,0.02331002331002331,0.029454620924139793,0.02667424411934775,0.015394778210826549,0.003549146618035933,0.04655461249561816,0.005850909090909,0.007950669540708622,0.002156324682123328,0.13137617321587172,0.022961922854546957,0.010394784210550252,0.017640570946496098,0.003356796875585371,0.007873723890730242,0.03953939919513476
11027750.0,Kobilje,0.0015088677598961678,0.0006240223838668538,210,209,1,0.0008859891853469068,0.0008693927162356566,0.0,0.0,0.0,0.003184038585432723,0.0003019568287113803,0.006977284594774458,0.00011266157398184939,0.0027573541144787043,0.0,0.0001833221690249546,0.000282266651506106,0.0,0.0,0.0011755251877358646,0.0001909449198067343,0.00013891610784031827,0.00382925393242577,0.0004747536849045193
11027768.0,Komen,0.018822562178693363,0.00944637455173028,115,130,15,0.045475407776129,0.006335184077631957,0.0009881422924901185,0.008267349790405215,0.0,0.015194316413546646,0.04926523761708961,0.021779035561545514,0.015915134548005756,0.025005813710089832,0.000227272727273,0.028749941413211473,0.0015486789497868331,0.007248491617194406,0.0,0.005266084244850526,0.038655740884613286,0.011389963291296611,0.01588424538983563,0.01956382906443833
11027784.0,Kranj,0.18962705712029876,0.1949739102463873,7,7,0,0.14374720067911476,0.19038790773751393,0.1631752305665349,0.22774838021865385,0.4412955465587044,0.17963910470908406,0.06653295076216328,0.20926653390687805,0.0731298943573928,0.20134782170694784,0.159667878787879,0.0973300060910795,0.16753513418153787,0.2245136047495835,0.4169619141601423,0.10524303375931479,0.06439348758699517,0.07251876480996065,0.17447626889174045,0.1877616705664933
11027792.0,Kranjska Gora,0.05143095368775434,0.023336774788031638,51,79,28,0.042840935014713755,0.007071597556771816,0.012450592885375493,0.0022123893805309734,0.06293706293706293,0.01980607426081581,0.07383539451656819,0.04833011616972783,0.20145993026894476,0.04336544388703186,0.00676,0.021066585924502917,0.0015688217015657965,0.00104019139521672,0.05492690179235154,0.008715430914245238,0.06801096628697717,0.1670071441958356,0.042798824892444416,0.031213204454816505
11027806.0,Kuzma,0.0031948321674962277,0.0007679426365595908,206,206,0,0.00033764057779695866,0.0018779327480929827,0.0009881422924901185,0.0,0.0,0.012430653343411502,0.005273510204644365,0.0001845646014662512,0.004599203131446174,0.006256674775613926,0.000227272727273,0.00011329932955736766,0.00047219741033703534,0.0,0.0,0.004225795180490327,0.0035474005700356316,0.003889202021999696,2.758020499706042e-05,0.002686132082258643
11027814.0,Laško,0.05529771764892692,0.04489258156328889,46,47,1,0.11611316748142235,0.04244191618518147,0.007905138339920948,0.08042464334790562,0.03496503496503496,0.04747291333623621,0.06800942992283214,0.054022966543933036,0.033469863118761455,0.06815210324804105,0.001818181818182,0.03196607336920454,0.02407223793152997,0.07834035724440798,0.031799785248203524,0.016028235179225983,0.07652023468031882,0.02754739315312063,0.0402542494515925,0.055971009003662225
11027849.0,Ljubljana,1.0,1.0000000009999999,1,1,0,1.0,1.0,1.0,1.0,1.0,1.0,1.0,1.0,1.0,1.0,1.0,1.0,1.0,1.0,1.0,1.0,1.0,1.0,1.0,1.0
11027857.0,Ljutomer,0.0591603992138285,0.04961746944711079,44,43,1,0.035582578084672474,0.022152460980146907,0.021541501976284586,0.05258967402873118,0.1678321678321678,0.04544759235712584,0.037473962245017846,0.05228802096592354,0.08496786310489632,0.07172817056331833,0.016643636363636,0.015525260046542443,0.0075639893903828035,0.050808945437857626,0.15550232647779522,0.016283942915965542,0.03683043545448828,0.12495629791831617,0.05306126398014119,0.061481330960204125
11027865.0,Loška dolina,0.010894911142651429,0.003199690238143524,167,187,20,0.032674044842394556,0.005622683002986898,0.0009881422924901185,0.0022123893805309734,0.0,0.010661660880617268,0.027936130469713192,0.0077639533879093,0.01544268283505881,0.0056474243348131415,0.000227272727273,0.013034694082193583,0.0011774180610577539,0.00104019139521672,0.0,0.003656704750045749,0.027349267006694343,0.01878155988632889,0.003946808904544389,0.0016570299775924015
11027873.0,Lukovica,0.017039914963461696,0.009544787325274985,121,129,8,0.03796298646899038,0.01132657115004381,0.003952569169960474,0.0022123893805309734,0.0,0.025956158195450343,0.0038258799523890495,0.01564288144558446,0.017677686141641245,0.051842027730026226,0.000909090909091,0.008356955639622281,0.002251588416063077,0.00104019139521672,0.0,0.009257437457381678,0.002314337439629673,0.018248815594205464,0.00791079892039842,0.05164058962844364
11027881.0,Maribor,0.46753157225512687,0.5623589960331291,2,2,0,0.333874281269675,0.6454256244602999,0.29617918313570485,0.5178292436859363,0.5454545454545454,0.49877100555594656,0.3647559315050013,0.6644332710809409,0.3383883712803852,0.4702042651228334,0.252600606060606,0.2980393222144808,0.8812375789749172,0.5151093168630605,0.5225810596257445,0.5549435758416266,0.32540151404892576,0.3401286906707759,0.7389299164434828,0.45353402987485547
11027890.0,Medvode,0.04994592235893245,0.029463810509724086,53,69,16,0.09371231468379826,0.03624714835419327,0.00691699604743083,0.03640520346110196,0.0,0.12820537516296684,0.07617170372921574,0.05753626492284006,0.03192468673803662,0.03233953048974094,0.001590909090909,0.05546298813216396,0.008130097890620708,0.03383929981886127,0.0,0.18134547805425397,0.07120526730665469,0.024226242157201816,0.051739534080754004,0.020155584119695855
11027903.0,Metlika,0.028479909305362528,0.026830383864171713,83,71,12,0.02405430369686164,0.011190793419910633,0.009486166007905139,0.037459818454043385,0.0,0.035980503074881855,0.022278841425577213,0.050532330068661105,0.012220273149643092,0.08159606375614124,0.006078181818182,0.009929778205951386,0.002226018417350142,0.035829357338317804,0.0,0.01248230068452599,0.02290740083592228,0.010964334878155152,0.03132740664731215,0.08632756138799727
11027911.0,Miren-Kostanjevica,0.046506997017539256,0.04751055149572731,58,45,13,0.056139556432692625,0.02153248485416896,0.0029644268774703555,0.10017854370439372,0.0,0.07418011625082269,0.0970742048586778,0.06384243597768033,0.035735900664199724,0.013422300555286294,0.000681818181818,0.05318505611121869,0.01966036015135881,0.10749907807598001,0.0,0.14966419293884103,0.06885610954115895,0.03356027099011545,0.038889609861928055,0.005171135163779257
11027920.0,Mozirje,0.029056243563861495,0.016922102589515105,79,94,15,0.040392475438551956,0.021156945745331713,0.003952569169960474,0.00884045303907644,0.058275058275058265,0.021361817061012575,0.07017619211981925,0.018018574023007352,0.03764179572190981,0.010746555044887144,0.000909090909091,0.025331968005112806,0.019115475855152785,0.007692279576973028,0.054761708102750474,0.007174583582944976,0.0595586232792105,0.02371135615942856,0.021039504703745382,0.005589213126325722
11027938.0,Muta,0.02067924471702892,0.024887604249173825,104,75,29,0.027562979699254482,0.06012039519534478,0.006521739130434782,0.008849557522123894,0.0,0.01837341325771587,0.030681544133791545,0.011555168439692395,0.03592121971021927,0.007206430081712146,0.005396363636364,0.01089499069759464,0.09573115825351566,0.010073853589060388,0.0,0.006440019658903383,0.01863180617973011,0.02845374599715122,0.008140180901753101,0.004736048570147762
11027946.0,Naklo,0.03065589932755452,0.02117095993562791,76,82,6,0.038866074910436914,0.0270452724878322,0.0009881422924901185,0.0022123893805309734,0.08624708624708624,0.040248428680529365,0.028135827367295266,0.04401084773828056,0.012424285188352424,0.026380638982711133,0.000227272727273,0.023639693236131652,0.026060422514425266,0.00104019139521672,0.07788882464689849,0.014460145658308802,0.026471128537424435,0.013648619677328085,0.034418855298994244,0.0235004077776016
11027954.0,Nazarje,0.014865593046234865,0.017177236144382525,132,93,39,0.006877205453022265,0.015665412330067203,0.001976284584980237,0.03137853670696746,0.0,0.01580468461375927,0.025729519731285767,0.018608528489753584,0.012303862654545202,0.020311895897967683,0.000454545454545,0.0015098538422894175,0.018081296669636683,0.02978463530247312,0.0,0.0059916765274984395,0.024761049490107597,0.007704140729595365,0.01873480592247149,0.019340806748880314
11027962.0,Novo mesto,0.14048227216001158,0.15983728957791435,9,9,0,0.07746349211000482,0.197091250796293,0.13906455862977601,0.16153558519257133,0.2797202797202797,0.12365636022803293,0.05835622113270389,0.1547637986541547,0.0443124955492696,0.16885867958702996,0.13853696969697,0.04432608281685622,0.2324695271377798,0.15880792488353068,0.27708488202417336,0.045602223478107,0.055521674063621546,0.0482881358817798,0.12878359861032465,0.14242796391424695
11027989.0,Osilnica,0.000993939082859858,0.0005060658812664985,212,210,2,0.0023223692449385472,7.472965219826924e-05,0.0009881422924901185,0.0,0.0,0.0,0.0,0.0019213255441286486,0.0008849103722262958,0.0037479137226167003,0.000227272727273,0.0012168809364638124,1.4073273346472985e-05,0.0,0.0,0.0,0.0,0.0005773948702371426,0.002100529141923619,0.0011664563316174745
11028004.0,Pivka,0.031407608044131494,0.01648336239864213,74,95,21,0.08008393737934659,0.011211303485387512,0.007509881422924901,0.0022123893805309734,0.055944055944055944,0.026066380216820964,0.04054516533379779,0.015591445409110258,0.030393925899619083,0.044517595969720894,0.005623636363636,0.06693553125961586,0.0024669618438824532,0.00104019139521672,0.04625423308829603,0.011863465819307745,0.03789174350002055,0.03052711514577984,0.007903112633759897,0.03946993258470435
11028039.0,Ptuj,0.24823622393232792,0.3196851093471779,4,3,1,0.2702793288089053,0.2868965773037181,0.15447957839262189,0.3315145829251838,0.45454545454545453,0.2283482512126419,0.17178237565542712,0.29141281244045786,0.1872404668225896,0.10586281121627923,0.165460606060606,0.269682512530061,0.4521122262208415,0.353871229686306,0.42452024999311694,0.37032080768570447,0.18121527913222374,0.25925350163535427,0.33507546613879857,0.11114107076835536
11028047.0,Puconci,0.014009918526400645,0.01122716205854452,138,118,20,0.0012794800842832119,0.009545501495686438,0.0009881422924901185,0.011061946902654867,0.027972027972027972,0.026687741591211903,0.0021829345073691273,0.018920170357803155,0.004131766136388497,0.03732947392409116,0.000227272727273,0.00016338662542436953,0.0020347134238086575,0.01111404498427711,0.023127116544148014,0.009568395121174036,0.0014396154610818409,0.003908938882853051,0.01878137577681079,0.026207435933482275
11028055.0,Radeče,0.02118938955828233,0.017808578451127263,102,91,11,0.027477686699931975,0.0061181504962429375,0.007509881422924901,0.034619219743238186,0.05128205128205128,0.036793707354498266,0.017570707929490448,0.014877392196880172,0.0026368935115633845,0.01300820494600174,0.005623636363636,0.010572241318299643,0.0012707257275832713,0.03297846240327939,0.04608903939869497,0.05361884675427067,0.016452100586254854,0.0015396805362496854,0.0077964088898368426,0.009737163039992088
11028063.0,Videm,0.016218791843506906,0.006963218709688521,125,147,22,0.01018252900408723,0.008902427442882409,0.0009881422924901185,0.0022123893805309734,0.06293706293706293,0.026832238383185998,0.026917297914582628,0.007984825779827929,0.006720698483782752,0.008510306816636093,0.000227272727273,0.0023530364450579933,0.00179506766401273,0.00104019139521672,0.05492690179235154,0.009690485180901019,0.02817201436137263,0.007101162163636741,0.003979814723639231,0.002159037753939972
11028071.0,Vitanje,0.008722706198732477,0.002387065685347733,179,194,15,0.027341270848671016,0.004317989002564807,0.0009881422924901185,0.0022123893805309734,0.0,0.008672097354486905,0.020037040951851357,0.009267739341835609,0.008133718039280058,0.006256674775613926,0.000227272727273,0.006439119988631527,0.0011687957729019742,0.00104019139521672,0.0,0.002789840951909299,0.012239856846020317,0.004433528420943805,0.005984943484343509,0.002686132082258643
11028080.0,Vojnik,0.017856819571686285,0.0049986602832687785,119,174,55,0.06929247797720292,0.01997830449712205,0.004940711462450593,0.004424778761061947,0.0,0.042339704949497264,0.0012752933174630164,0.01638416550065383,0.008665098320296438,0.011267660931114797,0.001136363636364,0.016919580647296557,0.004829227967078192,0.00208038279043344,0.0,0.014603680885365263,0.0007714458132098911,0.008887902372214984,0.012291457805171543,0.002633791438844492
11028098.0,Vuzenica,0.012156676278459603,0.009007396229612984,149,132,17,0.03051966185169201,0.006027737663709129,0.0009881422924901185,0.011061946902654867,0.027972027972027972,0.01173298864329972,0.002550586634926033,0.007515850153151388,0.005635284895347461,0.017562535775297317,0.000227272727273,0.023158848326191157,0.0012536989588395702,0.01111404498427711,0.023127116544148014,0.004076959243575149,0.0015428916264197822,0.003245618780956239,0.003909733874876209,0.015420806629617617
11028101.0,Zavrč,0.0026746624112367274,0.0007742761339266188,207,205,2,0.0011906273006524334,0.0,0.0009881422924901185,0.0,0.0,0.012931658350650166,0.0,0.007125541405788332,2.4042468759794667e-05,0.004486612294026427,0.000227272727273,0.0002222237465069473,0.0,0.0,0.0,0.004235760088652247,0.0,2.175337015022551e-05,0.003851408523325048,0.0013572349717188349
11028128.0,Železniki,0.01887844224741101,0.007402797851816929,114,141,27,0.03448156432654068,0.015808674787259145,0.001976284584980237,0.0022123893805309734,0.027972027972027972,0.018044571418540423,0.02777113796882713,0.03824190624086984,0.01132478996545163,0.010951075829082058,0.000454545454545,0.012704042792468135,0.003332750203699927,0.00104019139521672,0.023127116544148014,0.005880600278663745,0.027503356071811973,0.009243074026918686,0.021461110560914876,0.002552029164515337
11026788.0,Dravograd,0.058549245000697026,0.04228244044818899,45,51,6,0.13573752525154947,0.029746891658058442,0.08926218708827403,0.028729901533092357,0.09090909090909091,0.0469761165072469,0.07281122752187505,0.011046821074002094,0.026140846469580103,0.05413184199420079,0.11149696969697,0.12114484850222217,0.021207317603048132,0.026034086046480442,0.07805401833649954,0.057348189682425534,0.0584700059644724,0.021306351180414355,0.006250798575134846,0.043641464591111186
11026834.0,Gornji Grad,0.011322247320594135,0.009975696328425885,157,127,30,0.012797339493793,0.006134413673455446,0.0009881422924901185,0.017116907312529107,0.027972027972027972,0.009615851718851992,0.0021829345073691273,0.018426989537491698,0.014491814012044468,0.0034960526858884315,0.000227272727273,0.0025465748227487795,0.0013923289095101447,0.017322345206254794,0.023127116544148014,0.003471474634525164,0.0014396154610818409,0.014621274891703142,0.018707677851982577,0.0006655323250058798
11026907.0,Ig,0.020330477692891955,0.007518287944002233,105,139,34,0.05893426130789996,0.016951892416804528,0.001976284584980237,0.0022123893805309734,0.027972027972027972,0.038144827250803724,0.017470646105934646,0.009179957215552013,0.018264652676753288,0.012197838017632186,0.000454545454545,0.044299434088538335,0.0039036651618147766,0.00104019139521672,0.023127116544148014,0.023135724128328986,0.012960559627871092,0.010134449893921016,0.004158407854357901,0.004246300249438437
11027199.0,Pesnica,0.02195753791342763,0.013661110537231897,101,106,5,0.031090858317889873,0.013227039433866262,0.005928853754940711,0.008267349790405215,0.03496503496503496,0.037559646057767355,0.012611868717209837,0.008807802363415145,0.010113803425737103,0.05700312230800984,0.001363636363636,0.023021238540425416,0.0029651106945112536,0.007248491617194406,0.031799785248203524,0.013973180784916873,0.00844629624760688,0.007916301316121546,0.004102795309855632,0.04782009223985305
11027253.0,Radenci,0.021005625591471892,0.017922166336757504,103,90,13,0.008616181361224646,0.01121980810198063,0.00849802371541502,0.008267349790405215,0.027972027972027972,0.049408839596833364,0.002853719278551359,0.011484057849430433,0.018611811709904162,0.06312443653894616,0.005850909090909,0.001802100428263952,0.008273640010188953,0.007248491617194406,0.023127116544148014,0.05828201431579304,0.0019930035321524247,0.017776629451788033,0.008030967125769001,0.071006972192866
11027300.0,Rogatec,0.011725967533423465,0.00726967401594227,152,145,7,0.015310603945063594,0.006079198230513475,0.001976284584980237,0.0022123893805309734,0.0,0.019931876951838293,0.002314190516245921,0.02842955004224857,0.003466662253745815,0.03753891942906778,0.000454545454545,0.003288613324064174,0.0012633901403438078,0.00104019139521672,0.0,0.007999852155145967,0.0014284011241912926,0.0020485453500288936,0.01539478286510463,0.03517425214595874
11027571.0,Trbovlje,0.07735846227363762,0.0896334585947766,29,23,6,0.07948136979118306,0.03019907873461558,0.022529644268774705,0.17229538339133338,0.16317016317016317,0.06670581762633197,0.03499819644810323,0.08581509045686694,0.02843687885963486,0.08995299998936922,0.016870909090909,0.058370613896484555,0.012590071878147212,0.17668504718181163,0.15533713278819417,0.021837495946473048,0.03571636019975073,0.02877220689966091,0.07026608908222803,0.09299935105465944
11027636.0,Vipava,0.024417882106502954,0.014094743129138849,94,105,11,0.05733359296594185,0.026906003187250702,0.003952569169960474,0.0022123893805309734,0.0,0.020670996494413924,0.01950271099506103,0.07193065348309619,0.030293448115068528,0.011376457273705835,0.000909090909091,0.022228128699905144,0.024831344369405598,0.00104019139521672,0.0,0.007254764389231341,0.015372852531089729,0.02413860715909837,0.049575267693768674,0.004206891602635787
11027695.0,Žiri,0.015853899296839384,0.007288144141328992,126,143,17,0.0213956648401944,0.008131303968452602,0.007509881422924901,0.0022123893805309734,0.027972027972027972,0.026782776708867348,0.02252899847984096,0.024455268416122562,0.011270087240553527,0.006280594538878622,0.005623636363636,0.014758728779944602,0.0017683882398794749,0.00104019139521672,0.023127116544148014,0.009750178192934222,0.023523199702902543,0.012408769634453615,0.01819617070658492,0.0018205545262507106
11027733.0,Kamnik,0.11609180019429972,0.10364551539085205,14,13,1,0.19898226933947735,0.12510689255378568,0.03043478260869565,0.10381098272507691,0.2191142191142191,0.11522399378760324,0.0748883150575552,0.06609728426017736,0.09668111163911898,0.13057815085728772,0.018689090909091,0.12196302559391849,0.10683032633664218,0.10264006747994545,0.20159136587649018,0.12448816613668108,0.0648705728793874,0.09655515657434378,0.06580560544715454,0.12526908830784747
11026770.0,Dornava,0.01697641805582882,0.025712513995337877,122,73,49,0.002442182224365972,0.04299705245724564,0.0009881422924901185,0.023754075454122028,0.06293706293706293,0.02059547839268093,0.0038465934543585804,0.003986361591505234,0.000708023781140523,0.007509207973316255,0.000227272727273,0.00045222780851029325,0.06946156264371396,0.026356007400098462,0.05492690179235154,0.007154864990768568,0.0023274357954090985,0.0005295731175916159,0.004123946057941683,0.00236204131804396
11026940.0,Kanal,0.026257461059904574,0.018702055585963138,87,87,0,0.036873734290578934,0.012590675455634196,0.0029644268774703555,0.022123893805309734,0.027972027972027972,0.016762348838965584,0.047008135382027395,0.028889448721312015,0.012266297236252043,0.055123622019467494,0.000681818181818,0.02770904319957911,0.0028452690526721077,0.02222808996855422,0.023127116544148014,0.005468105248253386,0.04665334899122749,0.009452755440528541,0.015463507310343207,0.04430904305526402
11027326.0,Rogaška Slatina,0.07655875719945585,0.0976773602275706,30,17,13,0.0763676127470767,0.04663499859393294,0.02094861660079051,0.1556047197640118,0.027972027972027972,0.051989753781630746,0.05494461612333699,0.08508222417768485,0.13943006529389612,0.1066129369401697,0.012610909090909,0.06939119528029349,0.04508687078740947,0.17270644465248272,0.023127116544148014,0.018388576790565877,0.05733554642430314,0.20384993841876428,0.10030609722428534,0.11722989240256451
11027431.0,Šenčur,0.03002747006796096,0.015805760381012404,77,101,24,0.02774847613575911,0.01636692702891404,0.011462450592885375,0.0022123893805309734,0.08624708624708624,0.05370877076715156,0.008830446746650967,0.03793022607346325,0.012123305786372267,0.043644621920795844,0.006532727272727,0.006319628321962073,0.0032008007295185594,0.00104019139521672,0.07788882464689849,0.019924454796850597,0.005831655622879241,0.012270243115235275,0.019601116977326274,0.03513881749656085
11026567.0,Borovnica,0.02350960964749222,0.016372333817888156,96,97,1,0.017664779602785747,0.00899778526692883,0.001976284584980237,0.017116907312529107,0.09090909090909091,0.025915125538540817,0.024887036062377264,0.008021133570280305,0.012409357443368045,0.02719859618404096,0.000454545454545,0.008016795075401234,0.0024057279862162474,0.017082301038127863,0.07805401833649954,0.015489189109327802,0.024392506193791335,0.011195125573076586,0.003985240337737014,0.022546766071155626
11026621.0,Celje,0.19605155039079572,0.20069117972821057,6,6,0,0.1950032676085291,0.13101990890247406,0.17147562582345188,0.2279439410050015,0.3776223776223776,0.18193904618550696,0.11425738632654768,0.149995845048245,0.07274268209112339,0.3385154232946997,0.157680606060606,0.1666125132498497,0.10152061180706225,0.22360861120755382,0.3722548020887825,0.10190026280354242,0.11092312093754109,0.08072077578441915,0.14850005078134146,0.3526781192072518
11026818.0,Gorišnica,0.0105703112487457,0.007280603365786547,169,144,25,0.0033281714097128786,0.005523321434506033,0.006521739130434782,0.0022123893805309734,0.0,0.030407755236898818,0.0024529389332361975,0.021682214787005837,0.0016277161468608238,0.03194686602827065,0.005396363636364,0.0006355499775352479,0.0011587060441778216,0.00104019139521672,0.0,0.010689530204957392,0.0015511363988568402,0.0011963537349949037,0.01586977708557488,0.03258089510890079
11026982.0,Krško,0.11626626399641075,0.10262473133146809,13,14,1,0.05018355581039767,0.059514324542315304,0.04703557312252964,0.07842563227428959,0.39160839160839156,0.08648256535981774,0.05738751415430789,0.18787666271288184,0.02942610272394764,0.17472231765522883,0.034196363636364,0.010767630249923681,0.03276777718402497,0.07408510444655951,0.3695933482007654,0.02865336772513428,0.05872024875792224,0.030555722490856203,0.17136383661869778,0.15830313702861387
11027067.0,Loški Potok,0.01146630406767737,0.006377615485509131,155,153,2,0.029712370846132367,0.003656591793547611,0.0009881422924901185,0.0022123893805309734,0.027972027972027972,0.022245283160863178,0.0,0.021134572281015812,0.00034192348041453807,0.006399739469751158,0.000227272727273,0.02263465865877492,0.000807158890827365,0.00104019139521672,0.023127116544148014,0.04886296801680347,0.0,0.00023621243008020484,0.011518054809323261,0.0016139559250789425
11027130.0,Moravske Toplice,0.03802025443748605,0.026198316660358434,65,72,7,0.012830341956284432,0.011887138010866997,0.003952569169960474,0.01327433628318584,0.12587412587412586,0.06255524675979253,0.016195221253551658,0.02231760111992244,0.050618566115012295,0.06069739783215798,0.000909090909091,0.002620972574824154,0.003068398517341441,0.01215423637949383,0.10985380358470308,0.10467147527880326,0.010854918404154609,0.04209997810638504,0.01169483940200934,0.05988318135131201
11027245.0,Rače-Fram,0.02514668031546079,0.019446047535889164,91,85,6,0.020334594196643904,0.02370261515444929,0.003952569169960474,0.008267349790405215,0.06293706293706293,0.04269653535473152,0.010765350604241703,0.0220184734424297,0.012778331806578277,0.04401392069810492,0.000909090909091,0.008940018784735562,0.01971342308872101,0.007248491617194406,0.05492690179235154,0.015020894299226631,0.006751013716856943,0.011322210523550766,0.021057785242404186,0.04295850806028059
11027342.0,Semič,0.009489584408439162,0.005030935696421246,177,172,5,0.009300099603048593,0.00965835642776511,0.0009881422924901185,0.0022123893805309734,0.0,0.01612302078777821,0.0018152823798122217,0.02849308867554023,0.006758323518949756,0.019547141018476395,0.000227272727273,0.001788127775655464,0.0019374260842894737,0.00104019139521672,0.0,0.005640456346435321,0.0013363392957438996,0.005458385079625154,0.01540427768977575,0.01640088567882356
11027369.0,Sevnica,0.06806886231964873,0.05813002021039836,39,38,1,0.061593099445576595,0.03716837656044891,0.028063241106719365,0.07670562062595054,0.13986013986013984,0.09096089017642515,0.03131003987218198,0.08700512447199944,0.01983219270927769,0.10818989836776777,0.02204,0.018547113583813273,0.01110306659532802,0.07251955209221748,0.1323752099336472,0.07580771381229864,0.03230237854433782,0.018949628563105683,0.07107865841361344,0.08946651506191629
11027440.0,Šentilj,0.024833158364196743,0.0172545218274598,93,92,1,0.00996674367241248,0.0147118653480997,0.007905138339920948,0.019911504424778757,0.0,0.05578677903213552,0.040705789986889694,0.015334265226739252,0.02513811491130161,0.05887138269968951,0.001818181818182,0.0022552977464934225,0.0032447367913582253,0.0211878985733375,0.0,0.06071184240069043,0.04197978237740981,0.021075859603994482,0.007864681200567271,0.05274315422326088
11027512.0,Šmarje pri Jelšah,0.048053558777645396,0.040493673537110274,55,53,2,0.03815338529105633,0.02325034758669295,0.020553359683794466,0.04832980181976816,0.19114219114219114,0.06225059954573463,0.009804371142859578,0.025915431029360503,0.012820833464084563,0.0483152670709116,0.016416363636364,0.007749618394915094,0.004615644012089159,0.04784305664354919,0.17846424933234217,0.06271566877025264,0.006541740009245353,0.013224887447812948,0.024557113914349078,0.04334594251452817
11027610.0,Velenje,0.10869878445630705,0.11629705525949696,17,12,5,0.10111945961565073,0.10377394655327461,0.13768115942028986,0.1615371239784385,0.13986013986013984,0.11374173158345623,0.02644645377540011,0.16999477138545832,0.029549298483708075,0.10328375990725455,0.142115151515151,0.08185267938589667,0.08266417104611638,0.16116434385846665,0.1323752099336472,0.03878361688493321,0.02170396606551275,0.032903796488297006,0.12664575879979975,0.1017717256559517
11027717.0,Ilirska Bistrica,0.0840565145471819,0.06916980501047475,26,31,5,0.11728990947772881,0.028600989856042022,0.26146245059288536,0.049786262643049375,0.13986013986013984,0.036588987704976976,0.06521342551853647,0.06146772177474124,0.04338251380938059,0.036912744234338234,0.346832727272727,0.0911921562532699,0.00925255417362471,0.04572284179788299,0.1323752099336472,0.012526842124878888,0.05208578236685985,0.046666403096203256,0.048521832710846556,0.02240728809291739
21427624.0,Benedikt,0.007143212795468064,0.007386794089361403,190,142,48,0.005166154705389556,0.014530923592148495,0.0009881422924901185,0.008849557522123894,0.0,0.02146643936055168,0.0005657087537900708,0.007409952430998621,0.007968637003161772,0.004486612294026427,0.000227272727273,0.0011509898197359068,0.01774910647819077,0.010073853589060388,0.0,0.007359450881223747,0.00035773065006475073,0.010846581080585085,0.0038939091670910104,0.0013572349717188349
21427632.0,Bistrica ob Sotli,0.0034356564419940347,0.000969937701908758,202,202,0,0.008334391104567034,0.0019415086930398909,0.0009881422924901185,0.0,0.0,0.008901620912511845,0.0021829345073691273,0.007261695619984747,0.0010297741740243568,0.003716497115953231,0.000227272727273,0.0015555662255486314,0.000484170189885431,0.0,0.0,0.0029392843892842315,0.0014396154610818409,0.0006064842318791832,0.003871754576191732,0.0014833067931134965
21427659.0,Bloke,0.010888854551636375,0.0031979881291524506,168,188,20,0.014247930325802523,0.0023658421166320087,0.0009881422924901185,0.0022123893805309734,0.0,0.00699035808849259,0.057692974543850244,0.014290416251233406,0.006035993692682449,0.0040644988246494405,0.000227272727273,0.003613072276677533,0.0005640817120802966,0.00104019139521672,0.0,0.0025512401008199663,0.06486303865853076,0.006094634776356309,0.007708694795256027,0.0012482186059466292
21427667.0,Braslovče,0.012631076832338491,0.004063709275837097,145,181,36,0.0345442698416728,0.013054677365954016,0.001976284584980237,0.0,0.0,0.035715780488001954,0.006878854863891423,0.008565750427065965,0.008578384326355269,0.01699676642546326,0.000454545454545,0.011084651036408717,0.0029326510426202386,0.0,0.0,0.014060448332709035,0.005308548677345524,0.00557724092242044,0.00406662454920375,0.013896588895736667
21427675.0,Cankova,0.0111135219673037,0.007889185753256535,162,138,24,0.0008250615622858012,0.002674016196318155,0.005533596837944663,0.008267349790405215,0.058275058275058265,0.01192586817155821,0.008927053222241115,0.007291952112028394,0.0029286512111707554,0.004486612294026427,0.005169090909091,0.00017554185352855603,0.0007406582787678482,0.007248491617194406,0.054761708102750474,0.0042146141815010375,0.005400120692469238,0.0030849433963777958,0.0038762759212732176,0.0013572349717188349
21427683.0,Cerkvenjak,0.013958976488245164,0.01241963344323048,139,111,28,0.0063578031393893815,0.0029119950376233945,0.0009881422924901185,0.0,0.03496503496503496,0.023493454493507007,0.0021829345073691273,0.007325234253276407,0.002345272147313805,0.05901989404644744,0.000227272727273,0.0017633204457160124,0.000666934583999115,0.0,0.031799785248203524,0.010128487678532892,0.0014396154610818409,0.0021945129932869076,0.0038812494008628514,0.07080811420766125
21427691.0,Dobje,0.0022390924729530836,0.0006799086103050393,209,208,1,0.004424868624812775,0.0019414574593188184,0.0,0.0,0.0,0.008622917956998308,0.0,0.007089233615335955,0.00031244707306498146,0.0,0.0,0.0007755956564704217,0.00048416054142407726,0.0,0.0,0.002849624773285165,0.0,0.0002410451640227277,0.003845982909227266,0.0
21427705.0,Dobrna,0.005554828396471717,0.0017478540025400071,196,198,2,0.014026046558858625,0.00330626239839002,0.001976284584980237,0.0022123893805309734,0.0,0.013983733948377153,0.0009076411899061108,0.009322201027514175,0.005854754418854682,0.003958970457305194,0.000454545454545,0.002984211509985453,0.0007411839907130632,0.00104019139521672,0.0,0.0045742161122720205,0.0006681696478719498,0.0033586302814342206,0.005993081905490184,0.0012209645145035775
21427713.0,Dobrovnik,0.010306276827049458,0.005098481620182489,171,171,0,0.018831627369706214,0.001632333189253597,0.0009881422924901185,0.0022123893805309734,0.027972027972027972,0.034910725163349296,0.005488224339259106,0.007201182635897451,0.0003300632420914394,0.0034960526858884315,0.000227272727273,0.014290940340441514,0.00042594549260898935,0.00104019139521672,0.023127116544148014,0.056642124893576604,0.004499164974573562,0.00017699124803751543,0.0038627118860287617,0.0006655323250058798
21427721.0,Dolenjske Toplice,0.026338119025086724,0.014135512719987356,86,104,18,0.04475758812536249,0.0050359638884214086,0.0009881422924901185,0.011061946902654867,0.055944055944055944,0.01494979492470712,0.07880588934395776,0.01660810184113384,0.02743543993011103,0.00779426705797266,0.000227272727273,0.04125433332856471,0.0010669256630070649,0.01111404498427711,0.04625423308829603,0.005338630889992316,0.08671551400264724,0.024566783874278506,0.014138339488023835,0.004820111182706385
21427730.0,Grad,0.005178291416809501,0.004114246314300239,200,180,20,0.0014064126323271814,0.0022022995554539467,0.0009881422924901185,0.0022123893805309734,0.0,0.01153866189105491,0.0012752933174630164,0.007234464777145465,0.007094927738147456,0.017830322583481942,0.000227272727273,0.00031996244507151786,0.000533282971559804,0.00104019139521672,0.0,0.00386323374116223,0.0007714458132098911,0.008201437148604253,0.008137571295895126,0.018501399514579457
21427748.0,Hajdina,0.019307897696490234,0.014680192263128302,112,103,9,0.0022924018176740876,0.004888412242595979,0.001976284584980237,0.017116907312529107,0.06293706293706293,0.03677755566642595,0.006418027602659291,0.028819858789611626,0.008733843823021541,0.02311862218834158,0.000454545454545,0.0005032846140964725,0.0010391383713050525,0.017322345206254794,0.05492690179235154,0.013041134958152132,0.003988500187724937,0.009663724066671556,0.01545310821665579,0.021530234015374895
21427756.0,Hoče-Slivnica,0.038820942966332844,0.0318645002324029,63,63,0,0.017890894454664446,0.02933337113281586,0.009486166007905139,0.04941002949852506,0.0,0.08627635571762084,0.0642613471001243,0.024908076491498215,0.04917299691358156,0.057470192346593015,0.006078181818182,0.004569554209003476,0.020773821012434007,0.052444316420888114,0.0,0.039247332741693904,0.04825205810012329,0.043465955744467134,0.02304222300618554,0.05383457785557791
21427764.0,Hodoš,0.009135286440460879,0.006922318612221363,178,149,29,0.0,0.0006115379627290077,0.0,0.0,0.058275058275058265,0.01823275398607974,0.0013117846283338423,0.0,0.0003505277843238891,0.012571201768084062,0.0,0.0,0.00023370680513938447,0.0,0.054761708102750474,0.04757212478073788,0.0009237331228571827,0.00023958562769762226,0.0,0.009931424762551964
21427772.0,Horjul,0.0061714535622527916,0.0015798209781500057,194,200,6,0.017177358618296907,0.004740919045554087,0.0009881422924901185,0.0022123893805309734,0.0,0.02001352518805845,0.0021793226034220884,0.000922823007331256,0.008465801356096375,0.005014254130747661,0.000227272727273,0.007954552551430046,0.0010113620868228423,0.00104019139521672,0.0,0.008924732214596692,0.0013431162743385895,0.005643372641593836,0.00013790102498530208,0.0014935054289340927
21427799.0,Jezersko,0.00853381290275324,0.004230099844937277,181,178,3,0.006816277829961159,0.0011726012060972462,0.0009881422924901185,0.0022123893805309734,0.03496503496503496,0.0010799230885735072,0.0018152823798122217,0.00021179544430553415,0.03310827159155948,0.0029684108491671982,0.000227272727273,0.0015020735267930187,0.0003393676259288433,0.00104019139521672,0.031799785248203524,0.0004230196368604383,0.0013363392957438996,0.03073312402757661,3.16494155703972e-05,0.0005292618677906222
21427802.0,Komenda,0.014385132279866427,0.004539928240827842,135,176,41,0.032504215602473165,0.013198840929235622,0.003952569169960474,0.0022123893805309734,0.0,0.05258846517035491,0.007418843926240626,0.014900054100515281,0.006638939352009218,0.01043700516734402,0.000909090909091,0.012056318320930431,0.0029598002822190097,0.00104019139521672,0.0,0.017900739232577435,0.005873442159879533,0.005739585136718129,0.010354850714717995,0.007647175765302231
21427829.0,Kostel,0.0013783195281295302,0.0002346572499539312,211,212,1,0.0038445386881187874,0.000535161386908198,0.001976284584980237,0.0,0.0,0.002551585966245294,0.00013855031317397173,0.00011194902056149662,0.001973299574172858,0.0026518257471344576,0.000454545454545,0.001021281944400618,0.0001007829189737764,0.0,0.0,0.0008964582060675934,8.761344643571191e-05,0.0011550737735822386,1.6728976801495663e-05,0.00044749959346146776
21427837.0,Križevci,0.010897902012557168,0.00622770035990438,166,157,9,0.006689345281917189,0.004187150328564618,0.010079051383399209,0.0022123893805309734,0.027972027972027972,0.01972470062942237,0.004717333162959152,0.0076066196292823305,0.006277636869101415,0.01951276548836645,0.010110909090909,0.0013454977071458707,0.0009070749893231575,0.00104019139521672,0.023127116544148014,0.00710154801378428,0.0033599056580483166,0.007155655212780674,0.003923297910120665,0.016523309040526544
21427845.0,Lovrenc na Pohorju,0.02251180752882358,0.012130888059399172,99,114,15,0.10596836840902744,0.003570906815072186,0.0009881422924901185,0.011061946902654867,0.0,0.00991321663952653,0.048461146063594626,0.0005839502964424013,0.019417810143792846,0.025152587725634813,0.000227272727273,0.10422503367652605,0.0007910224832796362,0.01111404498427711,0.0,0.0031891129233910815,0.029314940901975863,0.011660815005980657,8.726196007266657e-05,0.01854496924776689
21427853.0,Mirna Peč,0.01168859571744043,0.009624248463757586,153,128,25,0.012160138102612272,0.0050453159009800665,0.0009881422924901185,0.017116907312529107,0.0,0.03754471081836595,0.01735016626639661,0.007491644959516469,0.0,0.019188931521513703,0.000227272727273,0.0025353891043637705,0.0010686868571944598,0.017322345206254794,0.0,0.054994521746760394,0.019125466251141487,0.0,0.0039061167988110206,0.01867673941764325
21427861.0,Oplotnica,0.01413037503891055,0.00881484673672874,137,134,3,0.025513442156837856,0.007916012264207382,0.001976284584980237,0.011061946902654867,0.03496503496503496,0.031208255376057856,0.005101173269852066,0.012033515720073364,0.008454145932895443,0.003073939216511445,0.000454545454545,0.006205710523739571,0.0018463844325376328,0.01111404498427711,0.031799785248203524,0.01539045532395877,0.0030857832528395643,0.007001700461277289,0.014452995076665672,0.0005565159592336738
21427870.0,Podlehnik,0.008460543186215152,0.006388972836481261,182,152,30,0.0017110507476327081,0.002138552774403203,0.0009881422924901185,0.014904517931998136,0.0,0.010372605396417173,0.042421395667693776,0.003792720042425888,0.003204131301193888,0.0050723157078966285,0.000227272727273,0.0003588640225535106,0.0005212780197328549,0.016282153811038074,0.0,0.0037905296570159373,0.04463886710798142,0.003259503527066531,0.0040950094494201774,0.00224454472311448
21427888.0,Prebold,0.01846679271243112,0.011336241420543349,118,117,1,0.016633241095681754,0.006757289443092123,0.0029644268774703555,0.0022123893805309734,0.0,0.029881018170043017,0.04319981110743375,0.0325883736384026,0.004841466037046092,0.04558991137461052,0.000681818181818,0.0038084280788726202,0.0013910899583911567,0.00104019139521672,0.0,0.010444472248452552,0.04463849808314945,0.003533279977031263,0.01954450059001078,0.05582182679679218
21427896.0,Razkrižje,0.004033174403496733,0.0011846306281129454,201,201,0,0.0030616130588205425,0.0017172661571858757,0.001976284584980237,0.0022123893805309734,0.0,0.018341467803525517,0.0018152823798122217,0.007080156667722861,0.0006312313165006658,0.0034960526858884315,0.000454545454545,0.0008120613407829813,0.00044194027966710245,0.00104019139521672,0.0,0.005976112778056602,0.0013363392957438996,0.0003429502156031965,0.00384462650570282,0.0006655323250058798
21427900.0,Selnica ob Dravi,0.019242599900060425,0.012530054445265233,113,110,3,0.02120129530765117,0.029088761522953734,0.001976284584980237,0.0022123893805309734,0.0,0.01907908970340978,0.060602595694884395,0.021884933283698275,0.01651955913848244,0.01986109038401323,0.000454545454545,0.005553752000426404,0.03550328153135431,0.00104019139521672,0.0,0.006440223023559769,0.03690114576350256,0.012930774385670585,0.011630184167344099,0.020101181057108827
21427918.0,Solčava,0.011061762893977787,0.003185224507187078,163,189,26,0.015497532441084615,0.0009853155059546478,0.0009881422924901185,0.0,0.0,0.00010922419455558696,0.04590283037825973,0.007243541724758558,0.036606046451474666,0.003284995951199938,0.000227272727273,0.009297258352507724,0.0003040975186225844,0.0,0.0,0.00011074275437097892,0.04728220022708937,0.032068522327404876,0.003869041769142841,0.0006110241421197767
21427926.0,Šempeter-Vrtojba,0.03618379175171347,0.038350280777818935,70,56,14,0.01983346282416952,0.014218247282385101,0.007905138339920948,0.06415929203539822,0.0,0.0876211238032959,0.014728274032451858,0.09921691971983423,0.00826315572439642,0.045892303755282506,0.001818181818182,0.020193096845104917,0.009075394429519741,0.06626019187530507,0.0,0.07019700120304602,0.012881935401326958,0.008201004410968566,0.08274662273204815,0.04079090819963299
21427934.0,Tabor,0.006517349863446033,0.0017168869940529363,191,199,8,0.013467543347465158,0.0029961940683230826,0.0009881422924901185,0.0,0.0,0.011666893453085666,0.020149634415915663,0.007385747237363702,0.004212920042054704,0.004306423777762239,0.000227272727273,0.0026321582932091634,0.0006827911541782576,0.0,0.0,0.004433721153254265,0.021372548681476866,0.004557745355676852,0.003890292091025822,0.002217797463339902
21427942.0,Trnovska vas,0.008342915109706368,0.006242469614821189,183,156,27,0.0016501231245716025,0.0021118359456217834,0.0009881422924901185,0.008849557522123894,0.03496503496503496,0.010073812113601767,0.012798438786551973,0.00714974659942325,0.0007132368576904262,0.004129222889953912,0.000227272727273,0.00035108370705711205,0.0005162466403094066,0.010073853589060388,0.031799785248203524,0.0033919869676905788,0.007813227096700442,0.00043407562634129976,0.0038550255993902364,0.0008290568736641887
21427969.0,Trzin,0.019729972594851847,0.011730568895346977,109,115,6,0.00706083453919254,0.007509171233560407,0.010474308300395255,0.011061946902654867,0.0,0.0886060236355409,0.018370025315741275,0.01541441446525729,0.0035399260586887046,0.035263075497487244,0.006305454545455,0.005750311610522802,0.0018883075812234668,0.01111404498427711,0.0,0.07066505654793014,0.011514122161729961,0.003269893306959746,0.010431713581103246,0.03325157413382735
21427977.0,Veržej,0.011931839438951625,0.009165855247794286,150,131,19,0.0017719783706938133,0.0013374308030187295,0.0009881422924901185,0.0,0.0,0.01744551919550943,0.03188150620921129,0.0072163108819192755,0.00868854859734007,0.04998895803933351,0.000227272727273,0.0003666443380499092,0.00025186828413087885,0.0,0.0,0.0057634882852980315,0.03430739530280158,0.0066681977560592845,0.0038649725585695044,0.0610069807743907
21427985.0,Žetale,0.002505890891423538,0.000722795320716307,208,207,1,0.00850955802086771,0.0013767636951579163,0.0,0.0,0.0,0.006551218689798153,0.0009076411899061108,0.00013010291578768526,0.0004284984438363176,0.007155125958881483,0.0,0.0022095853632342084,0.00025927555187934214,0.0,0.0,0.0021075476252876827,0.0006681696478719498,0.00023314441624906954,1.9441783850386853e-05,0.0038522056522664184
21427993.0,Žužemberk,0.015128485558472377,0.018075637931762784,128,89,39,0.013302531035007998,0.02281941364181545,0.001976284584980237,0.04056047197640117,0.0,0.02303556715442733,0.005101173269852066,0.023709438053287252,0.009114121231725173,0.011665854637227089,0.000454545454545,0.0022601695328322885,0.019428555930447095,0.04237046283182772,0.0,0.008544689111915818,0.0030857832528395643,0.010155392980928872,0.013716245005006966,0.00360838536062463
11026877.0,Šalovci,0.01135560060421404,0.007119675165787912,156,146,10,0.0031174633799598895,0.003113460930479092,0.0,0.0,0.055944055944055944,0.024589251110801905,0.0012752933174630164,0.007137644002605791,0.0016852207244872144,0.016693616632287564,0.0,0.0006788264676250285,0.0008234156004278875,0.0,0.04625423308829603,0.049843844831014596,0.0007714458132098911,0.0009619798169136048,0.0038532170613576424,0.011421216371264729
11027288.0,Ravne na Koroškem,0.028595944349776227,0.030806708643221558,82,65,17,0.026981803545573536,0.024502158261656973,0.019960474308300395,0.06557135078753844,0.0,0.04353815248440664,0.012374757661068658,0.036763031780409156,0.020037906125709704,0.03622980854309875,0.012383636363636,0.01699270632408467,0.013842532577787477,0.06258374372611766,0.0,0.014535595292912632,0.007803732251861692,0.019603972367919997,0.03507567713650759,0.030779609011963485
11027318.0,Rogašovci,0.008618418209167492,0.008681793503799773,180,135,45,0.00382066969612348,0.014965933062232187,0.0009881422924901185,0.008267349790405215,0.0,0.01774427096843512,0.00948355597515584,0.013097061880805208,0.009303623634144853,0.008513574791882883,0.000227272727273,0.0008388076901607876,0.017831028539925377,0.007248491617194406,0.0,0.006086412632775597,0.005752029851076466,0.010164217432409937,0.01632675547048657,0.005509513491189872
21428019.0,Markovci,0.02862242533489683,0.025186924513745972,81,74,7,0.002746820339671499,0.004676963535241409,0.0009881422924901185,0.014904517931998136,0.12587412587412586,0.04601462726342971,0.015778152669682383,0.020623718918760678,0.005614090017667528,0.049003094505901006,0.000227272727273,0.000491129385992286,0.0008807773665038327,0.016282153811038074,0.10985380358470308,0.05734129552527037,0.009756692643430846,0.0060855357785104865,0.02058857681339792,0.059311957099222774
21428027.0,Miklavž na Dravskem polju,0.026183005454462942,0.014850540202392256,88,102,14,0.012153543283077028,0.009859623171803623,0.006521739130434782,0.0022123893805309734,0.027972027972027972,0.11438293717801672,0.013745623698721164,0.05423450558150425,0.009998497020243916,0.010749168128269,0.005396363636364,0.013625320335337329,0.0022124100565993733,0.00104019139521672,0.023127116544148014,0.0799404354255542,0.011208236103220177,0.01003501148306386,0.06434006252836649,0.005764671958467552
21428035.0,Polzela,0.012992839424488534,0.005361324427744171,144,166,22,0.044607482250598705,0.010476962839769894,0.001976284584980237,0.0022123893805309734,0.0,0.04590852754108379,0.0009076411899061108,0.001709491800466097,0.0009109753475296152,0.0212186393100199,0.000454545454545,0.030367956973417196,0.00209158807301054,0.00104019139521672,0.0,0.016734647164062363,0.0006681696478719498,0.0005647807704147274,0.00025545599710392024,0.020389051997123014
21428043.0,Prevalje,0.02032643491568028,0.011098631502226026,106,121,15,0.03892819858320584,0.013391999678788406,0.003952569169960474,0.0022123893805309734,0.0,0.027772364866258385,0.025654417326175617,0.041814048597468435,0.01896255464113848,0.030575806913276198,0.000909090909091,0.026174545882964365,0.002640555036508547,0.00104019139521672,0.0,0.009161271954937742,0.017030671521232454,0.020261161835791863,0.03176449111386531,0.029844640358453974
21428051.0,Ribnica na Pohorju,0.012214681225021399,0.005629981090735991,148,164,16,0.02625277542898319,0.0017858596349012792,0.0009881422924901185,0.006054960409874242,0.027972027972027972,0.003308937814891589,0.023704187885543772,0.00016641070624006255,0.02590869636637612,0.006004813738885657,0.000227272727273,0.012035286700831904,0.0004548579734242325,0.006208300221977686,0.023127116544148014,0.0010644956861017634,0.014359602967847485,0.020950440262281062,2.486739794816923e-05,0.0021852080756470478
21428060.0,Sodražica,0.01091173973658866,0.007415425886331255,165,140,25,0.02011627021400828,0.0038449597766718304,0.001976284584980237,0.0022123893805309734,0.027972027972027972,0.011042511076075553,0.0,0.021403855060204275,0.000843185868973795,0.019705913432413687,0.000454545454545,0.020567057993914242,0.000842632816347553,0.00104019139521672,0.023127116544148014,0.003779225453907825,0.0,0.000571258895564041,0.011558294780548482,0.019857550716562315
21428078.0,Sveta Ana,0.0055104613191434134,0.003272040948380788,197,186,11,0.004828514127592598,0.00443976186128347,0.0009881422924901185,0.0,0.0,0.014254671801777434,0.003538786736483372,0.007279849515210935,0.002683262844523989,0.017091624012072218,0.000227272727273,0.0010376904901785392,0.0009546474193539007,0.0,0.0,0.004888192634494266,0.002237781316271606,0.0029695927469616306,0.003874467383240623,0.018310620874478097
21428086.0,Sveti Andraž v Slov. goricah,0.00786052108857417,0.0037692689556738717,188,183,5,0.007913821262048015,0.0018169451438011762,0.0009881422924901185,0.0,0.027972027972027972,0.02768956767876922,0.007808261919658998,0.0001754876538531569,0.0011670177465815936,0.003073939216511445,0.000227272727273,0.0058592360274723814,0.00046071207351694774,0.0,0.023127116544148014,0.05084122640684793,0.004727640234037227,0.0007207551327235972,2.6223801472614827e-05,0.0005565159592336738
21428094.0,Velika Polana,0.012215762081565157,0.006874538539790506,147,150,3,0.005326089715924958,0.0019601668083709693,0.0009881422924901185,0.0,0.03496503496503496,0.02923004790154868,0.014363778242598527,0.024455291047560796,0.0036737625551308607,0.0071953072869917,0.000227272727273,0.00138196339145843,0.0004876839324154728,0.0,0.031799785248203524,0.05126119874409729,0.00899151289937261,0.003444261462871817,0.015542531275472268,0.00518813242348801
21428108.0,Vransko,0.019739900411494683,0.012172741697150144,108,113,5,0.041548993685268466,0.004042444744497389,0.005533596837944663,0.0022123893805309734,0.03496503496503496,0.030657687405973688,0.002550586634926033,0.03237248177942752,0.022688861012301414,0.02082692766904174,0.005169090909091,0.01911797128067721,0.0008798236750264438,0.00104019139521672,0.031799785248203524,0.0520228948078281,0.0015428916264197822,0.015360249682944591,0.026364829313309673,0.02106861500072343
21428116.0,Žirovnica,0.01118552229810724,0.005174759063315011,161,170,9,0.02595262877306999,0.0059464897394219144,0.0009881422924901185,0.0022123893805309734,0.0,0.023647161301642516,0.0024057902249556232,0.010411434741085494,0.019007889962262735,0.021283296565613046,0.000227272727273,0.01583965588997635,0.0012383981483354099,0.00104019139521672,0.0,0.008287810941747388,0.00148632496419364,0.014596144316372071,0.006155850328423655,0.018312009662751066
11026613.0,Tišina,0.006164307607468799,0.0017773867134410132,195,197,2,0.0034830291183265217,0.006297905223876363,0.001976284584980237,0.0022123893805309734,0.0,0.023396566252375822,0.005625780730932586,0.007609645278486696,0.005394051170365639,0.0056474243348131415,0.000454545454545,0.0007255083606034198,0.0014231180435584035,0.00104019139521672,0.0,0.008055983751483304,0.003581731437965378,0.005373899376316996,0.003923750044628814,0.0016570299775924015
11026745.0,Dobrova-Polhov Gradec,0.023262307220943152,0.010126978565212351,97,124,27,0.07740413873418761,0.01871827628276533,0.0029644268774703555,0.017116907312529107,0.0,0.0326422387012117,0.04833096415751737,0.0025778531221187866,0.016970974490897933,0.015897292530733364,0.000681818181818,0.04085777452231492,0.004354855410154395,0.017322345206254794,0.0,0.01872367267783585,0.049082386486387325,0.011126129706463456,0.00038521860094254876,0.004066824154953577
11027822.0,Lendava,0.10934103579151115,0.10055214018548235,16,16,0,0.07023324325722614,0.01854162941556158,0.26956521739130435,0.05935529704492912,0.13986013986013984,0.06889681318284624,0.17747185987936215,0.13970097837939555,0.03445029263326564,0.11533488687108104,0.356489090909091,0.05909500708134578,0.0073581504797071194,0.05542865219362275,0.1323752099336472,0.06727313618395281,0.19115451081333357,0.03408382589804679,0.1613067281088108,0.12576880342456698
21428124.0,Žalec,0.08140792342254848,0.06123610266062613,28,35,7,0.06991710393665779,0.042564538105892114,0.037944664031620556,0.06620972420340902,0.19114219114219114,0.07780138258772067,0.04719587031221231,0.16705380205945874,0.019628816707651223,0.09462114113867118,0.024312727272727,0.023779942401352377,0.009675425768838139,0.062088628272129985,0.17846424933234217,0.026465443869736194,0.048323291710848704,0.01811095497000865,0.09342402934457289,0.09219636468508968
11026702.0,Destrnik,0.009739203488601234,0.00696186081774015,175,148,27,0.005564722906247621,0.003530112459614682,0.0009881422924901185,0.011061946902654867,0.03496503496503496,0.017092861743193223,0.00537998333257068,0.007394824184976796,0.004143251952212785,0.007271154147016618,0.000227272727273,0.0012720694647896731,0.0007833399891363016,0.01111404498427711,0.031799785248203524,0.005876852239396126,0.004524933040107917,0.0037639222129752965,0.003891648494550267,0.002512257172963666
11028012.0,Podvelka,0.02865796028667536,0.01923853914791332,80,86,6,0.037016655503111805,0.028305743990735512,0.005533596837944663,0.011061946902654867,0.055944055944055944,0.006950362715390733,0.0829068899439104,0.010797235480039628,0.025906574837752425,0.022156540711157625,0.005169090909091,0.014532743737432857,0.03547436218877461,0.01111404498427711,0.04625423308829603,0.002311558499737957,0.050222080528570245,0.015846331555366282,0.007928332592419285,0.016899769796576123
11027466.0,Šentjur,0.07225880259236625,0.05929485982898849,35,36,1,0.11856268091956447,0.08109834308896544,0.014822134387351778,0.03979184843574722,0.20279720279720279,0.07585880354099768,0.02593262969269402,0.023267594039297724,0.02674901974921218,0.11370776927262916,0.003409090909091,0.06908368876445249,0.07033750458570004,0.03690808686263061,0.18730211172599875,0.028259869705677416,0.023685005876776712,0.030351392455067544,0.012677025339431325,0.10648764785769933
21428264.0,Šmartno pri Litiji,0.014664751359249334,0.006158028396589746,133,158,25,0.04650639316933648,0.011890766873272536,0.0009881422924901185,0.0,0.027972027972027972,0.02577960353248953,0.0030529749115023727,0.024002926026110635,0.002495708357958484,0.003958970457305194,0.000227272727273,0.030891177131114254,0.002357839153224848,0.0,0.023127116544148014,0.00988108415974615,0.002994211237715851,0.0016836271246695037,0.013760102052297373,0.0012209645145035775
24063453.0,Renče-Vogrsko,0.032627118397836864,0.0237127020025933,72,77,5,0.03545623137915793,0.009052590810492232,0.001976284584980237,0.025966464834653,0.03496503496503496,0.08162411518480318,0.06770783047616039,0.0329413038298481,0.008702042218549614,0.027879285694688994,0.000454545454545,0.0384782320516454,0.0020604277217953614,0.027396198795315182,0.031799785248203524,0.1520589507722783,0.058307803925142766,0.009418187194389003,0.0264498306008416,0.021642363588624886
24063461.0,Gorje,0.007915043738889202,0.0029207115241575306,186,190,4,0.012797339493793,0.003723080475453622,0.0009881422924901185,0.0,0.0,0.008867040047711817,0.005739350059339773,0.00993338216679586,0.027767930292700863,0.009334172560606965,0.000227272727273,0.0025465748227487795,0.000819680204220172,0.0,0.0,0.003230579568427501,0.004622969863134089,0.024431392309226117,0.006084413076136187,0.006526263097268026
24063470.0,Log-Dragomer,0.010562265369719086,0.005343707351800715,170,167,3,0.005171232007311314,0.006612943778178623,0.0009881422924901185,0.008267349790405215,0.0,0.05688036354671357,0.00406701590792184,0.0013706190895772425,0.004065865056956598,0.018199122227636356,0.000227272727273,0.001292005008390258,0.0016009873451217468,0.007248491617194406,0.0,0.023819900585583684,0.0036354485217619417,0.0030885688716817366,0.00020481693219128477,0.017462269319252762
24063488.0,Rečica ob Savinji,0.014461326905450567,0.012218535070297565,134,112,22,0.0108755807164073,0.0024651807983228306,0.0009881422924901185,0.0,0.0,0.015331374994772743,0.021520574732188404,0.009851984344369345,0.028248390565121566,0.05533204061083336,0.000227272727273,0.0022309872902850493,0.00046424895878315314,0.0,0.0,0.005083361456878018,0.0204859185525668,0.027667979423102028,0.012313582367041281,0.07227320492320387
24063496.0,Sveti Jurij v Slovenskih goricah,0.003206491871409395,0.00048554540818863647,205,211,6,0.005780508237922368,0.0030922465646784866,0.0009881422924901185,0.0,0.0,0.017030860059683413,0.0017624888675851756,0.0002965136220277478,0.0003568049552279387,0.0027573541144787043,0.000227272727273,0.0013698081633542435,0.0007008799983927903,0.0,0.0,0.006612955982966409,0.001114524539542661,0.00019102104542993936,4.430918179855608e-05,0.0004747536849045193
24063500.0,Šentrupert,0.007893482347929706,0.0033113315338584924,187,185,2,0.020144195374577952,0.0038128503204666662,0.0009881422924901185,0.0,0.0,0.01628328399551802,0.0012752933174630164,0.023346360148763477,0.0033950788510467424,0.009689619178971053,0.000227272727273,0.0044673190028970645,0.0008365858839600856,0.0,0.0,0.005465198559681718,0.0007714458132098911,0.004133979680235236,0.01366198886402914,0.007550793036477978
24063518.0,Mirna,0.005478471216127806,0.002212664749234982,198,195,3,0.007398650033349931,0.005240127801897755,0.0009881422924901185,0.0022123893805309734,0.0,0.019351351350974665,0.0021829345073691273,0.007579388786443048,0.000330513074677559,0.009501214933544883,0.000227272727273,0.002036600997809139,0.0011053743172870969,0.00104019139521672,0.0,0.006603415438550044,0.0014396154610818409,0.00025760482790597965,0.003919228699547328,0.007367496594427555
21436437.0,Apače,0.012244226198594646,0.005743746639056026,146,161,15,0.006295854382980885,0.005154130034290615,0.005533596837944663,0.0022123893805309734,0.027972027972027972,0.039310720956187484,0.008772442537144341,0.014487083449517116,0.006845535365820773,0.005858481069501635,0.005169090909091,0.0013654332507464556,0.0010891790045147224,0.00104019139521672,0.023127116544148014,0.05646991260972686,0.005819198234970298,0.005510007056221547,0.007738083538285682,0.0017115381604785045
21436445.0,Cirkulane,0.003312222339295233,0.0008749865107498696,203,203,0,0.00091391434591658,0.003818846681310299,0.0009881422924901185,0.0,0.0,0.016372864626496356,0.0,0.007267746918393477,0.0007922976791783061,0.0029684108491671982,0.000227272727273,0.00011670473244597826,0.0008377151334983096,0.0,0.0,0.005569621917963248,0.0,0.00042401216247531167,0.003872658845208029,0.0005292618677906222
21436453.0,Kostanjevica na Krki,0.011481102642676896,0.006597961941487076,154,151,3,0.009284371313017223,0.003588986609315876,0.006521739130434782,0.0022123893805309734,0.058275058275058265,0.012716854979692278,0.004867935159067168,0.009406919205236388,0.0037667451824223296,0.004170027191993687,0.005396363636364,0.002916989348489459,0.0007944273149489227,0.00104019139521672,0.054761708102750474,0.004242262157654392,0.0030432828545080026,0.0035244092552618855,0.006005741671718342,0.0012754726973896807
21436461.0,Makole,0.006205523610873812,0.0027845542389540855,193,192,1,0.005597725368739053,0.002698686286725064,0.0009881422924901185,0.0022123893805309734,0.0,0.013670430615558003,0.0038258799523890495,0.021192059615898744,0.0023249838943464524,0.009544938702060654,0.000227272727273,0.001346467216865048,0.0006267637512669849,0.00104019139521672,0.0,0.00804953136741808,0.002314337439629673,0.0012989511533728574,0.011526645364978085,0.004843002296726663
21436470.0,Mokronog-Trebelno,0.009808313441724573,0.005724148056338519,173,163,10,0.01849205834812677,0.006271788536870012,0.001976284584980237,0.0022123893805309734,0.0,0.02012455731321416,0.0012752933174630164,0.021479496290313396,0.002488349296120012,0.02376291734962714,0.000454545454545,0.005145540745605075,0.0012996592242416624,0.00104019139521672,0.0,0.008288652996432104,0.0007714458132098911,0.0031519129543022134,0.011569598143252195,0.025313241502548302
21436488.0,Poljčane,0.011273942409871635,0.005274585708350818,159,168,9,0.013972238504414062,0.005650468310343992,0.007509881422924901,0.0022123893805309734,0.02331002331002331,0.027758003844778008,0.009872899315779917,0.0028713793942991873,0.007013229763016674,0.012568910852605333,0.005623636363636,0.003897660142089722,0.0013011911190952262,0.00104019139521672,0.022961922854546957,0.014188690131222438,0.006092449529889905,0.006443420185869527,0.0022424993774822575,0.010125784672657548
21433632.0,Središče ob Dravi,0.008194875855527427,0.005466674581207988,184,165,19,0.00382066969612348,0.002257565026168739,0.0009881422924901185,0.0022123893805309734,0.03496503496503496,0.011003242574520799,0.0012752933174630164,0.007252618672371652,0.0002678613284116012,0.01790594130215894,0.000227272727273,0.0008388076901607876,0.0005436907020002887,0.00104019139521672,0.031799785248203524,0.0036909876656569434,0.0007714458132098911,0.0001926973556565857,0.0038703981726672864,0.015151595654445713
21433659.0,Straža,0.01497586676026788,0.012736152934169402,131,109,22,0.002503109847427077,0.006604692432875304,0.0009881422924901185,0.0022123893805309734,0.0,0.028555012105836566,0.0003659385347950417,0.028738166261093778,0.0051961511904604065,0.07459506555716952,0.000227272727273,0.0004600081240066918,0.0015994334313202796,0.00104019139521672,0.0,0.009488657017641601,0.0002314042854365149,0.005494380357017827,0.01544090058493578,0.0788698417168042
21433667.0,Sveta Trojica v Slovenskih goricah,0.005208594795417168,0.0027462751626444464,199,193,6,0.00822269046228834,0.002427769879418226,0.0009881422924901185,0.0,0.0,0.0159539353197882,0.003364134916079242,0.0004205652394067035,0.0007514537520471135,0.019957256092653735,0.000227272727273,0.0018220359718645368,0.00045720364179853277,0.0,0.0,0.005132431092488664,0.002092342224921721,0.0006070206575444935,6.284669663264587e-05,0.018875201940019612
21433675.0,Sveti Tomaž,0.0032901349877636514,0.0008680933201088891,204,204,0,0.007032063161635906,0.0024538302528752426,0.0009881422924901185,0.0,0.0,0.011743036186185647,0.0,0.007143695301014521,0.00046664346692363944,0.003073939216511445,0.000227272727273,0.0015998122253575895,0.0005806518560080694,0.0,0.0,0.004155796557659746,0.0,0.00035243463070042005,0.0038541213303739394,0.0005565159592336738
21433683.0,Šmarješke Toplice,0.007568382338119644,0.002919394163882437,189,191,2,0.008672031682363992,0.005438679035528548,0.0009881422924901185,0.0022123893805309734,0.0,0.028337881489229954,0.0011074819053042396,0.007655030016552167,0.009928675630147177,0.011343511949049253,0.000227272727273,0.001668865555105999,0.0011427659777855557,0.00104019139521672,0.0,0.010552880236213126,0.0007003254223399432,0.008893627378308474,0.003930532062251042,0.00989482672233849
11027423.0,Sveti Jurij ob Ščavnici,0.018472187111617994,0.0164575097658336,117,96,21,0.01105836358559062,0.0036952149894891755,0.0009881422924901185,0.011061946902654867,0.058275058275058265,0.014957326091298285,0.0030905756972752383,0.04312931305434522,0.011641802667277455,0.02682412756070069,0.000227272727273,0.0022543282367742446,0.0008144325068286531,0.010874000816150172,0.054761708102750474,0.005114238725977054,0.0021077851089537905,0.01215909852333831,0.041139714430500456,0.025949227340835726
