section,metric,value,note
AHP vs NW (unchanged sanity check),n_agree,5349/6036,
AHP vs NW (unchanged sanity check),cohen_kappa,0.8807777644756993,
AHP vs ML (unchanged sanity check),n_agree,4546/6036,
AHP vs ML (unchanged sanity check),cohen_kappa,0.7471733885095011,
NW vs ML -- BEFORE refit,n_agree,4558/6036,
NW vs ML -- BEFORE refit,cohen_kappa,0.7511085260653547,
NW vs ML -- AFTER refit,n_agree,4767/6036,
NW vs ML -- AFTER refit,cohen_kappa,0.7856273436606817,
NW vs ML -- CHANGE,n_agree,+209 settlements,
NW vs ML -- CHANGE,cohen_kappa,+0.0345,
RF(AHP) vs RF(NW) -- BEFORE refit,n_agree,4876/6036,
RF(AHP) vs RF(NW) -- BEFORE refit,cohen_kappa,0.8047207490479391,
RF(AHP) vs RF(NW) -- AFTER refit,n_agree,4881/6036,
RF(AHP) vs RF(NW) -- AFTER refit,cohen_kappa,0.8053107022898427,
RF(AHP) vs RF(NW) -- CHANGE,n_agree,+5 settlements,User expected a drop. It did not drop -- essentially flat.
RF(AHP) vs RF(NW) -- CHANGE,cohen_kappa,+0.0006,
Moran's I,AHP_vs_NW I,0.18376563233303994,
Moran's I,AHP_vs_NW z,23.681893869312166,
Moran's I,AHP_vs_NW p,0.001,
Moran's I,AHP_vs_ML I,0.4724555807216684,
Moran's I,AHP_vs_ML z,63.705271603135586,
Moran's I,AHP_vs_ML p,0.001,
Moran's I,NW_vs_ML I,0.440285013555723,
Moran's I,NW_vs_ML z,57.182775167448746,
Moran's I,NW_vs_ML p,0.001,
Moran's I,MLAHP_vs_MLNW I,0.3607774267847584,
Moran's I,MLAHP_vs_MLNW z,46.20403383696251,
Moran's I,MLAHP_vs_MLNW p,0.001,
"LISA class counts (all four, post-refit + post scipy fix)",AHP_vs_NW HH,246,"CAVEAT: AHP_vs_NW's underlying agreement data is UNCHANGED by the NW refit (pure Huff-vs-Huff comparison, no ML involved), yet its LISA counts shifted substantially from the Stage 3 (2026-08-26) run -- HH was 1105, now 246, while LL/HL/LH stayed bit-for-bit identical (296/626/162). This shows esda.Moran_Local's significance flagging (p_sim < 0.05 threshold from conditional permutation) is not fully seed-stable run-to-run, likely because parallel permutation chunk/thread scheduling changed alongside the BLAS backend swap. Quadrant assignment (which class a significant point falls into) is deterministic given the data; whether a point clears the significance threshold is not, for points near that boundary. Treat single-run LISA significant counts as having real Monte Carlo uncertainty, same caveat already documented for global Moran's I's z-score."
"LISA class counts (all four, post-refit + post scipy fix)",AHP_vs_NW LL,296,"CAVEAT: AHP_vs_NW's underlying agreement data is UNCHANGED by the NW refit (pure Huff-vs-Huff comparison, no ML involved), yet its LISA counts shifted substantially from the Stage 3 (2026-08-26) run -- HH was 1105, now 246, while LL/HL/LH stayed bit-for-bit identical (296/626/162). This shows esda.Moran_Local's significance flagging (p_sim < 0.05 threshold from conditional permutation) is not fully seed-stable run-to-run, likely because parallel permutation chunk/thread scheduling changed alongside the BLAS backend swap. Quadrant assignment (which class a significant point falls into) is deterministic given the data; whether a point clears the significance threshold is not, for points near that boundary. Treat single-run LISA significant counts as having real Monte Carlo uncertainty, same caveat already documented for global Moran's I's z-score."
"LISA class counts (all four, post-refit + post scipy fix)",AHP_vs_NW HL,626,"CAVEAT: AHP_vs_NW's underlying agreement data is UNCHANGED by the NW refit (pure Huff-vs-Huff comparison, no ML involved), yet its LISA counts shifted substantially from the Stage 3 (2026-08-26) run -- HH was 1105, now 246, while LL/HL/LH stayed bit-for-bit identical (296/626/162). This shows esda.Moran_Local's significance flagging (p_sim < 0.05 threshold from conditional permutation) is not fully seed-stable run-to-run, likely because parallel permutation chunk/thread scheduling changed alongside the BLAS backend swap. Quadrant assignment (which class a significant point falls into) is deterministic given the data; whether a point clears the significance threshold is not, for points near that boundary. Treat single-run LISA significant counts as having real Monte Carlo uncertainty, same caveat already documented for global Moran's I's z-score."
"LISA class counts (all four, post-refit + post scipy fix)",AHP_vs_NW LH,162,"CAVEAT: AHP_vs_NW's underlying agreement data is UNCHANGED by the NW refit (pure Huff-vs-Huff comparison, no ML involved), yet its LISA counts shifted substantially from the Stage 3 (2026-08-26) run -- HH was 1105, now 246, while LL/HL/LH stayed bit-for-bit identical (296/626/162). This shows esda.Moran_Local's significance flagging (p_sim < 0.05 threshold from conditional permutation) is not fully seed-stable run-to-run, likely because parallel permutation chunk/thread scheduling changed alongside the BLAS backend swap. Quadrant assignment (which class a significant point falls into) is deterministic given the data; whether a point clears the significance threshold is not, for points near that boundary. Treat single-run LISA significant counts as having real Monte Carlo uncertainty, same caveat already documented for global Moran's I's z-score."
"LISA class counts (all four, post-refit + post scipy fix)",AHP_vs_NW not_significant,4706,"CAVEAT: AHP_vs_NW's underlying agreement data is UNCHANGED by the NW refit (pure Huff-vs-Huff comparison, no ML involved), yet its LISA counts shifted substantially from the Stage 3 (2026-08-26) run -- HH was 1105, now 246, while LL/HL/LH stayed bit-for-bit identical (296/626/162). This shows esda.Moran_Local's significance flagging (p_sim < 0.05 threshold from conditional permutation) is not fully seed-stable run-to-run, likely because parallel permutation chunk/thread scheduling changed alongside the BLAS backend swap. Quadrant assignment (which class a significant point falls into) is deterministic given the data; whether a point clears the significance threshold is not, for points near that boundary. Treat single-run LISA significant counts as having real Monte Carlo uncertainty, same caveat already documented for global Moran's I's z-score."
"LISA class counts (all four, post-refit + post scipy fix)",AHP_vs_ML HH,338,
"LISA class counts (all four, post-refit + post scipy fix)",AHP_vs_ML LL,820,
"LISA class counts (all four, post-refit + post scipy fix)",AHP_vs_ML HL,304,
"LISA class counts (all four, post-refit + post scipy fix)",AHP_vs_ML LH,87,
"LISA class counts (all four, post-refit + post scipy fix)",AHP_vs_ML not_significant,4487,
"LISA class counts (all four, post-refit + post scipy fix)",NW_vs_ML HH,104,
"LISA class counts (all four, post-refit + post scipy fix)",NW_vs_ML LL,602,
"LISA class counts (all four, post-refit + post scipy fix)",NW_vs_ML HL,321,
"LISA class counts (all four, post-refit + post scipy fix)",NW_vs_ML LH,82,
"LISA class counts (all four, post-refit + post scipy fix)",NW_vs_ML not_significant,4927,
"LISA class counts (all four, post-refit + post scipy fix)",MLAHP_vs_MLNW HH,6,
"LISA class counts (all four, post-refit + post scipy fix)",MLAHP_vs_MLNW LL,470,
"LISA class counts (all four, post-refit + post scipy fix)",MLAHP_vs_MLNW HL,254,
"LISA class counts (all four, post-refit + post scipy fix)",MLAHP_vs_MLNW LH,98,
"LISA class counts (all four, post-refit + post scipy fix)",MLAHP_vs_MLNW not_significant,5208,
Disagreement synthesis + entropy crosstab (3-way),n_disagree=0 n_settlements,3948,
Disagreement synthesis + entropy crosstab (3-way),n_disagree=0 mean_entropy_AHP,0.4521,
Disagreement synthesis + entropy crosstab (3-way),n_disagree=0 std_entropy_AHP,0.1759,
Disagreement synthesis + entropy crosstab (3-way),"n_disagree=0 entropy class counts (low/medium/high, of 3948)",397/1646/1905,
Disagreement synthesis + entropy crosstab (3-way),n_disagree=1 n_settlements,792,
Disagreement synthesis + entropy crosstab (3-way),n_disagree=1 mean_entropy_AHP,0.5838,
Disagreement synthesis + entropy crosstab (3-way),n_disagree=1 std_entropy_AHP,0.0969,
Disagreement synthesis + entropy crosstab (3-way),"n_disagree=1 entropy class counts (low/medium/high, of 792)",0/130/662,
Disagreement synthesis + entropy crosstab (3-way),n_disagree=2 n_settlements,1234,
Disagreement synthesis + entropy crosstab (3-way),n_disagree=2 mean_entropy_AHP,0.617,
Disagreement synthesis + entropy crosstab (3-way),n_disagree=2 std_entropy_AHP,0.0867,
Disagreement synthesis + entropy crosstab (3-way),"n_disagree=2 entropy class counts (low/medium/high, of 1234)",0/112/1122,
Disagreement synthesis + entropy crosstab (3-way),n_disagree=3 n_settlements,62,
Disagreement synthesis + entropy crosstab (3-way),n_disagree=3 mean_entropy_AHP,0.6288,
Disagreement synthesis + entropy crosstab (3-way),n_disagree=3 std_entropy_AHP,0.0734,
Disagreement synthesis + entropy crosstab (3-way),"n_disagree=3 entropy class counts (low/medium/high, of 62)",0/4/58,
NW model R2 (post-refit),fold 1,0.8608,
NW model R2 (post-refit),fold 2,0.9192,
NW model R2 (post-refit),fold 3,0.8434,
NW model R2 (post-refit),fold 4,0.8895,
NW model R2 (post-refit),fold 5,0.7604,
NW model R2 (post-refit),mean,0.8547,
NW model R2 (post-refit),std (population),0.0537,
"AHP model R2 (sanity check, unchanged)",mean,0.8457,
"AHP model R2 (sanity check, unchanged)",std (population),0.0773,
"Feature importance by group (%, post-refit)",Distance -- AHP-target model,62.53,
"Feature importance by group (%, post-refit)",Distance -- NW-target model,69.16,
"Feature importance by group (%, post-refit)",GI_AHP -- AHP-target model,22.69,
"Feature importance by group (%, post-refit)",GI_AHP -- NW-target model,0.0,
"Feature importance by group (%, post-refit)",GI_NW -- AHP-target model,0.0,
"Feature importance by group (%, post-refit)",GI_NW -- NW-target model,17.99,
"Feature importance by group (%, post-refit)",Accessibility -- AHP-target model,7.19,
"Feature importance by group (%, post-refit)",Accessibility -- NW-target model,5.46,
"Feature importance by group (%, post-refit)",Individual GI indicators -- AHP-target model,6.84,
"Feature importance by group (%, post-refit)",Individual GI indicators -- NW-target model,5.0,
"Feature importance by group (%, post-refit)",Municipality area -- AHP-target model,0.75,
"Feature importance by group (%, post-refit)",Municipality area -- NW-target model,2.39,
RF(AHP-target) catchment size -- top 15,Ljubljana (rank 2),277,
RF(AHP-target) catchment size -- top 15,Novo mesto (rank 1),382,
RF(AHP-target) catchment size -- top 15,Maribor (rank 3),260,
RF(AHP-target) catchment size -- top 15,Ptuj (rank 14),119,
RF(AHP-target) catchment size -- top 15,Krško (rank 9),153,
RF(AHP-target) catchment size -- top 15,Črnomelj (rank 10),143,
RF(AHP-target) catchment size -- top 15,Celje (rank 5),200,
RF(AHP-target) catchment size -- top 15,Trebnje (rank 8),155,
RF(AHP-target) catchment size -- top 15,Brežice (rank 12),128,
RF(AHP-target) catchment size -- top 15,Koper (rank 16),116,
RF(AHP-target) catchment size -- top 15,Murska Sobota (rank 11),142,
RF(AHP-target) catchment size -- top 15,Ivančna Gorica (rank 14),119,
RF(AHP-target) catchment size -- top 15,Sevnica (rank 21),83,
RF(AHP-target) catchment size -- top 15,Slovenska Bistrica (rank 25),70,
RF(AHP-target) catchment size -- top 15,Šentjur (rank 18),95,
RF(NW-target) catchment size -- top 15,Novo mesto (rank 2),236,
RF(NW-target) catchment size -- top 15,Ljubljana (rank 1),270,
RF(NW-target) catchment size -- top 15,Maribor (rank 5),168,
RF(NW-target) catchment size -- top 15,Kamnik (rank 4),169,
RF(NW-target) catchment size -- top 15,Celje (rank 13),121,
RF(NW-target) catchment size -- top 15,Litija (rank 17),103,
RF(NW-target) catchment size -- top 15,Kranj (rank 10),139,
RF(NW-target) catchment size -- top 15,Trebnje (rank 6),165,
RF(NW-target) catchment size -- top 15,Krško (rank 8),156,
RF(NW-target) catchment size -- top 15,Črnomelj (rank 7),158,
RF(NW-target) catchment size -- top 15,Murska Sobota (rank 11),138,
RF(NW-target) catchment size -- top 15,Brežice (rank 12),125,
RF(NW-target) catchment size -- top 15,Kočevje (rank 20),91,
RF(NW-target) catchment size -- top 15,Ptuj (rank 3),202,
RF(NW-target) catchment size -- top 15,Ivančna Gorica (rank 9),144,
