section,metric,before,after,change,note
NW model R2,fold 1,0.8616093233699592,0.8608068078379446,-0.0008,
NW model R2,fold 2,0.878182540576063,0.9192177649069345,+0.0410,
NW model R2,fold 3,0.8338578560682566,0.8433972832643866,+0.0095,
NW model R2,fold 4,0.8922627971474545,0.8894844045203676,-0.0028,
NW model R2,fold 5,0.7326790445101332,0.760438796131018,+0.0278,
NW model R2,mean,0.8397183123343733,0.8546690113321302,+0.0150,
NW model R2,std,0.056940997368605216,0.05370793432508879,-0.0032,
"AHP model R2 (sanity check, must be unchanged)",mean,0.8456944081955934,0.8456944081955934,+0.0000,Model 1 feature set unaffected by this refit; identical before/after confirms no regression.
Feature importance by group -- NW-target model,Distance,69.27176252324738,69.16207087760851,-0.1097,
Feature importance by group -- AHP-target model (sanity check),Distance,62.531710526431155,62.531710526431155,+0.0000,
Feature importance by group -- NW-target model,GI_AHP,13.33156993517647,0.0,-13.3316,"AHP-target pct unchanged (22.69%, Model 1 untouched). NW-target pct BEFORE (13.33%) was the bug: NW model was trained on GI_AHP too. AFTER, NW-target's GI_AHP importance is correctly 0 -- it no longer sees that feature at all."
Feature importance by group -- AHP-target model (sanity check),GI_AHP,22.689011424706685,22.689011424706685,+0.0000,
Feature importance by group -- NW-target model,GI_NW,,17.993057161648082,,"Did not exist before this refit (NW model had no GI_NW feature). AFTER: NW-target model's own composite score carries 17.99% importance -- comparable in magnitude to GI_AHP's 22.69% for Model 1, suggesting the composite score genuinely matters for both models once each gets its correct one."
Feature importance by group -- AHP-target model (sanity check),GI_NW,,0.0,,
Feature importance by group -- NW-target model,Accessibility,5.554746789282716,5.458870046643316,-0.0959,
Feature importance by group -- AHP-target model (sanity check),Accessibility,7.189269218218099,7.189269218218099,+0.0000,
Feature importance by group -- NW-target model,Individual GI indicators,8.390256660750124,4.99546155324303,-3.3948,
Feature importance by group -- AHP-target model (sanity check),Individual GI indicators,6.842843757570959,6.842843757570959,+0.0000,
Feature importance by group -- NW-target model,Municipality area,3.4516640915433188,2.39054036085706,-1.0611,
Feature importance by group -- AHP-target model (sanity check),Municipality area,0.7471650730730961,0.7471650730730961,+0.0000,
NW vs ML agreement (%),agreement_pct,75.51358515573227,78.97614314115309,+3.4626,
NW vs ML agreement (n),n_agree/6036,4558,4767,+209.0000,
NW vs ML,cohen_kappa,0.7511085260653547,0.7856273436606817,+0.0345,
RF(AHP) vs RF(NW) agreement (%),agreement_pct,80.7819748177601,80.86481113320079,+0.0828,"User expected this to DROP since the models no longer share GI_AHP. It did NOT drop -- essentially flat (+0.08pp, +5 settlements). See report for why."
RF(AHP) vs RF(NW) agreement (n),n_agree/6036,4876,4881,+5.0000,
RF(AHP) vs RF(NW),cohen_kappa,0.8047207490479391,0.8053107022898427,+0.0006,
Moran's I,AHP_vs_NW,0.18376563233303994,0.18376563233303994,+0.0000,
Moran's I z-score,AHP_vs_NW,23.681893869312166,23.681893869312166,+0.0000,z fluctuates run-to-run by design (permutation estimate); not a pure refit effect.
Moran's I,AHP_vs_ML,0.4724555807216684,0.4724555807216684,+0.0000,
Moran's I z-score,AHP_vs_ML,63.705271603135586,63.705271603135586,+0.0000,z fluctuates run-to-run by design (permutation estimate); not a pure refit effect.
Moran's I,NW_vs_ML,0.44516475969321223,0.440285013555723,-0.0049,
Moran's I z-score,NW_vs_ML,55.78178140019985,57.182775167448746,+1.4010,z fluctuates run-to-run by design (permutation estimate); not a pure refit effect.
Moran's I,MLAHP_vs_MLNW,0.33755770369183,0.3607774267847584,+0.0232,
Moran's I z-score,MLAHP_vs_MLNW,43.45012766497194,46.20403383696251,+2.7539,z fluctuates run-to-run by design (permutation estimate); not a pure refit effect.
LISA class counts,AHP_vs_NW HH,1105,NOT RECOMPUTED,,"esda.Moran_Local crashes natively in this environment (reproducible on a synthetic 20x20 lattice with no repo data involved) -- see report. Values shown are the pre-refit Stage 3 (2026-08-26) numbers, now stale relative to the retrained NW model, but could not be refreshed this session."
LISA class counts,AHP_vs_NW LL,296,NOT RECOMPUTED,,"esda.Moran_Local crashes natively in this environment (reproducible on a synthetic 20x20 lattice with no repo data involved) -- see report. Values shown are the pre-refit Stage 3 (2026-08-26) numbers, now stale relative to the retrained NW model, but could not be refreshed this session."
LISA class counts,AHP_vs_NW HL,626,NOT RECOMPUTED,,"esda.Moran_Local crashes natively in this environment (reproducible on a synthetic 20x20 lattice with no repo data involved) -- see report. Values shown are the pre-refit Stage 3 (2026-08-26) numbers, now stale relative to the retrained NW model, but could not be refreshed this session."
LISA class counts,AHP_vs_NW LH,162,NOT RECOMPUTED,,"esda.Moran_Local crashes natively in this environment (reproducible on a synthetic 20x20 lattice with no repo data involved) -- see report. Values shown are the pre-refit Stage 3 (2026-08-26) numbers, now stale relative to the retrained NW model, but could not be refreshed this session."
LISA class counts,AHP_vs_NW not_significant,3847,NOT RECOMPUTED,,"esda.Moran_Local crashes natively in this environment (reproducible on a synthetic 20x20 lattice with no repo data involved) -- see report. Values shown are the pre-refit Stage 3 (2026-08-26) numbers, now stale relative to the retrained NW model, but could not be refreshed this session."
LISA class counts,AHP_vs_ML HH,338,NOT RECOMPUTED,,"esda.Moran_Local crashes natively in this environment (reproducible on a synthetic 20x20 lattice with no repo data involved) -- see report. Values shown are the pre-refit Stage 3 (2026-08-26) numbers, now stale relative to the retrained NW model, but could not be refreshed this session."
LISA class counts,AHP_vs_ML LL,820,NOT RECOMPUTED,,"esda.Moran_Local crashes natively in this environment (reproducible on a synthetic 20x20 lattice with no repo data involved) -- see report. Values shown are the pre-refit Stage 3 (2026-08-26) numbers, now stale relative to the retrained NW model, but could not be refreshed this session."
LISA class counts,AHP_vs_ML HL,304,NOT RECOMPUTED,,"esda.Moran_Local crashes natively in this environment (reproducible on a synthetic 20x20 lattice with no repo data involved) -- see report. Values shown are the pre-refit Stage 3 (2026-08-26) numbers, now stale relative to the retrained NW model, but could not be refreshed this session."
LISA class counts,AHP_vs_ML LH,87,NOT RECOMPUTED,,"esda.Moran_Local crashes natively in this environment (reproducible on a synthetic 20x20 lattice with no repo data involved) -- see report. Values shown are the pre-refit Stage 3 (2026-08-26) numbers, now stale relative to the retrained NW model, but could not be refreshed this session."
LISA class counts,AHP_vs_ML not_significant,4487,NOT RECOMPUTED,,"esda.Moran_Local crashes natively in this environment (reproducible on a synthetic 20x20 lattice with no repo data involved) -- see report. Values shown are the pre-refit Stage 3 (2026-08-26) numbers, now stale relative to the retrained NW model, but could not be refreshed this session."
LISA class counts,NW_vs_ML HH,32,NOT RECOMPUTED,,"esda.Moran_Local crashes natively in this environment (reproducible on a synthetic 20x20 lattice with no repo data involved) -- see report. Values shown are the pre-refit Stage 3 (2026-08-26) numbers, now stale relative to the retrained NW model, but could not be refreshed this session."
LISA class counts,NW_vs_ML LL,831,NOT RECOMPUTED,,"esda.Moran_Local crashes natively in this environment (reproducible on a synthetic 20x20 lattice with no repo data involved) -- see report. Values shown are the pre-refit Stage 3 (2026-08-26) numbers, now stale relative to the retrained NW model, but could not be refreshed this session."
LISA class counts,NW_vs_ML HL,297,NOT RECOMPUTED,,"esda.Moran_Local crashes natively in this environment (reproducible on a synthetic 20x20 lattice with no repo data involved) -- see report. Values shown are the pre-refit Stage 3 (2026-08-26) numbers, now stale relative to the retrained NW model, but could not be refreshed this session."
LISA class counts,NW_vs_ML LH,61,NOT RECOMPUTED,,"esda.Moran_Local crashes natively in this environment (reproducible on a synthetic 20x20 lattice with no repo data involved) -- see report. Values shown are the pre-refit Stage 3 (2026-08-26) numbers, now stale relative to the retrained NW model, but could not be refreshed this session."
LISA class counts,NW_vs_ML not_significant,4815,NOT RECOMPUTED,,"esda.Moran_Local crashes natively in this environment (reproducible on a synthetic 20x20 lattice with no repo data involved) -- see report. Values shown are the pre-refit Stage 3 (2026-08-26) numbers, now stale relative to the retrained NW model, but could not be refreshed this session."
LISA class counts,MLAHP_vs_MLNW HH,743,NOT RECOMPUTED,,"esda.Moran_Local crashes natively in this environment (reproducible on a synthetic 20x20 lattice with no repo data involved) -- see report. Values shown are the pre-refit Stage 3 (2026-08-26) numbers, now stale relative to the retrained NW model, but could not be refreshed this session."
LISA class counts,MLAHP_vs_MLNW LL,448,NOT RECOMPUTED,,"esda.Moran_Local crashes natively in this environment (reproducible on a synthetic 20x20 lattice with no repo data involved) -- see report. Values shown are the pre-refit Stage 3 (2026-08-26) numbers, now stale relative to the retrained NW model, but could not be refreshed this session."
LISA class counts,MLAHP_vs_MLNW HL,240,NOT RECOMPUTED,,"esda.Moran_Local crashes natively in this environment (reproducible on a synthetic 20x20 lattice with no repo data involved) -- see report. Values shown are the pre-refit Stage 3 (2026-08-26) numbers, now stale relative to the retrained NW model, but could not be refreshed this session."
LISA class counts,MLAHP_vs_MLNW LH,119,NOT RECOMPUTED,,"esda.Moran_Local crashes natively in this environment (reproducible on a synthetic 20x20 lattice with no repo data involved) -- see report. Values shown are the pre-refit Stage 3 (2026-08-26) numbers, now stale relative to the retrained NW model, but could not be refreshed this session."
LISA class counts,MLAHP_vs_MLNW not_significant,4486,NOT RECOMPUTED,,"esda.Moran_Local crashes natively in this environment (reproducible on a synthetic 20x20 lattice with no repo data involved) -- see report. Values shown are the pre-refit Stage 3 (2026-08-26) numbers, now stale relative to the retrained NW model, but could not be refreshed this session."
Disagreement synthesis (3-way) n_settlements,n_disagree=0,3884,3948,+64.0000,
Disagreement synthesis (3-way) share_pct,n_disagree=0,64.34724983432737,65.40755467196819,+1.0603,
Disagreement synthesis (3-way) n_settlements,n_disagree=1,727,792,+65.0000,
Disagreement synthesis (3-way) share_pct,n_disagree=1,12.04440026507621,13.121272365805169,+1.0769,
Disagreement synthesis (3-way) n_settlements,n_disagree=2,1347,1234,-113.0000,
Disagreement synthesis (3-way) share_pct,n_disagree=2,22.31610337972167,20.444002650762094,-1.8721,
Disagreement synthesis (3-way) n_settlements,n_disagree=3,78,62,-16.0000,
Disagreement synthesis (3-way) share_pct,n_disagree=3,1.2922465208747516,1.027170311464546,-0.2651,
Disagreement synthesis (4-way) n_settlements,n_disagree=0,3884,3948,+64.0000,
Disagreement synthesis (4-way) share_pct,n_disagree=0,64.34724983432737,65.40755467196819,+1.0603,
Disagreement synthesis (4-way) n_settlements,n_disagree=1,0,0,+0.0000,
Disagreement synthesis (4-way) share_pct,n_disagree=1,0.0,0.0,+0.0000,
Disagreement synthesis (4-way) n_settlements,n_disagree=2,1697,1711,+14.0000,
Disagreement synthesis (4-way) share_pct,n_disagree=2,28.114645460569914,28.346587143803845,+0.2319,
Disagreement synthesis (4-way) n_settlements,n_disagree=3,399,329,-70.0000,
Disagreement synthesis (4-way) share_pct,n_disagree=3,6.610337972166998,5.45062955599735,-1.1597,
Disagreement synthesis (4-way) n_settlements,n_disagree=4,56,48,-8.0000,
Disagreement synthesis (4-way) share_pct,n_disagree=4,0.927766732935719,0.7952286282306164,-0.1325,
RF(NW-target) catchment size,Ljubljana,176,270,+94.0000,
RF(NW-target) catchment size,Novo mesto,183,236,+53.0000,
RF(NW-target) catchment size,Maribor,194,168,-26.0000,
RF(NW-target) catchment size,Celje,154,121,-33.0000,
RF(NW-target) catchment size,Ptuj,157,202,+45.0000,
RF(NW-target) catchment size,Krško,147,156,+9.0000,
RF(NW-target) catchment size,Črnomelj,148,158,+10.0000,
RF(NW-target) catchment size,Brežice,122,125,+3.0000,
RF(NW-target) catchment size,Trebnje,165,165,+0.0000,
RF(NW-target) catchment size,Murska Sobota,111,138,+27.0000,
RF(NW-target) catchment size,Koper,112,111,-1.0000,
RF(NW-target) catchment size,Nova Gorica,82,82,+0.0000,
RF(NW-target) catchment size,Kranj,93,139,+46.0000,
RF(NW-target) catchment size,Sevnica,88,88,+0.0000,
RF(NW-target) catchment size,Slovenska Bistrica,83,108,+25.0000,
RF(NW-target) catchment size,Rogaška Slatina,89,70,-19.0000,
RF(NW-target) catchment size,Sežana,40,45,+5.0000,
RF(NW-target) catchment size,Litija,116,103,-13.0000,
RF(NW-target) catchment size,Ivančna Gorica,105,144,+39.0000,
RF(NW-target) catchment size,Kočevje,97,91,-6.0000,
RF(NW-target) catchment size,Kamnik,174,169,-5.0000,
RF(NW-target) catchment size,Ilirska Bistrica,77,80,+3.0000,
RF(NW-target) catchment size,Šentjur,94,115,+21.0000,
RF(NW-target) catchment size,Slovenske Konjice,105,68,-37.0000,
SHAP (both models),"fig08_shap_bar/summary, fig_shap_dependence_AHP/NW",AHP-only figures present (pre-refit),NOT REGENERATED,,"shap import itself crashes natively in this environment right now (scipy.linalg.inv() LAPACK crash, reproducible in isolation) -- see report. Not attempted for NW model at all; AHP figures on disk are stale (pre-refit run) though Model 1's feature set is unaffected by this refit so its SHAP values would likely be identical -- unverified."
