filename,size_bytes,mtime_iso,sha256
"2023tabela.xlsx",2882649,"2026-06-15 14:34:54",cd16691ee69fae6081486ccbecb836434a1d9b8352f5e5b2aca8857df73662a6
"ATMs.cpg",5,"2026-04-29 10:59:28",3ad3031f5503a4404af825262ee8232cc04d4ea6683d42c5dd0a2f2a27ac9824
"ATMs.dbf",2767613,"2026-04-29 10:59:28",72b16ffce3c33155bd9a2446fe21a8b90f03621e205d0b6ae8c3a52ef6b024a6
"ATMs.prj",447,"2026-04-29 10:59:29",5e509df06656ea5c7732dd0f0414fa56b365ebcbdede96a8434d1b940d936753
"ATMs.qmd",3828,"2026-04-29 10:59:29",fa133407e1c0d28f13bbb9709bb222236458ec1eb656d3fd6bd8ed934fe88237
"ATMs.shp",42744,"2026-04-29 10:59:30",2d9a216b99cbc7f43931b6c6f317d576b6519dc5866849adc1418d9b5b11da3c
"ATMs.shx",12284,"2026-04-29 10:59:29",1470b31d5e7e1217742f3bdd4ab5b036bb24d0d229f436a131e7834679afa560
"Addresses.cpg",5,"2026-04-29 10:59:22",3ad3031f5503a4404af825262ee8232cc04d4ea6683d42c5dd0a2f2a27ac9824
"Addresses.cst",5,"2026-04-29 10:59:23",3ad3031f5503a4404af825262ee8232cc04d4ea6683d42c5dd0a2f2a27ac9824
"Addresses.dbf",691444285,"2026-04-29 10:59:36",0b4fe7f64133ba4c48a0449d65e347a6299782a2352e966aabc6c3f6bd5db456
"Addresses.prj",735,"2026-04-29 10:59:22",3cd7c6924e5ba06b42bf094477d160fabe54ac62db3d717b84bb03e860b69e4b
"Addresses.shp",32814364,"2026-04-29 10:59:24",92df4a36132b85e4fca3380ed132e4525c577baabe5f2cf136cb335a909d8b51
"Addresses.shx",9375604,"2026-04-29 10:59:24",42d1cadbf7c54002156fed13750461a4c4615131caae9e92de46cc3226d17ebd
"All_airports.cpg",5,"2026-04-29 10:59:24",3ad3031f5503a4404af825262ee8232cc04d4ea6683d42c5dd0a2f2a27ac9824
"All_airports.dbf",237476,"2026-04-29 10:59:24",c2b19c9a9558b1f336bcfb291e58e92fd377899f03213fef5f9fd73a707fd8f8
"All_airports.prj",447,"2026-04-29 10:59:24",5e509df06656ea5c7732dd0f0414fa56b365ebcbdede96a8434d1b940d936753
"All_airports.qmd",680,"2026-04-29 10:59:25",52852542b66085c1465bb246f901a5a682d3f64225e64487a45dde7ec2492fa7
"All_airports.shp",940,"2026-04-29 10:59:25",ba4698bda070dde82a5eb19ed3a386562879d5aac0d1b13b2d6db0768b67a05f
"All_airports.shx",340,"2026-04-29 10:59:25",7d1e4bfad4ef8276e143fb2328615c403b254317b40436a91395661d8c478cf3
"Archaeological_site.cpg",5,"2026-04-29 10:59:25",3ad3031f5503a4404af825262ee8232cc04d4ea6683d42c5dd0a2f2a27ac9824
"Archaeological_site.dbf",8862,"2026-04-29 10:59:25",9bd60bad09401c662ee7ccf0e14966bb7cf57f80691ebc20f350fe0764459cc1
"Archaeological_site.prj",447,"2026-04-29 10:59:25",5e509df06656ea5c7732dd0f0414fa56b365ebcbdede96a8434d1b940d936753
"Archaeological_site.qmd",3252,"2026-04-29 10:59:26",ebef784573cf1258ffd1618a2c9cd3afca61d77e0dc25e90c1f98245325556e8
"Archaeological_site.shp",1780,"2026-04-29 10:59:26",dbfc48766170b4ea7c70adf2a790b5fecedace8eef7811fee92738abd55a88cc
"Archaeological_site.shx",580,"2026-04-29 10:59:26",0401865f63f022c72474d6cfbee7e84b4445efbfde406aea2eca7bf5f066d841
"Artwork.cpg",5,"2026-04-29 10:59:27",3ad3031f5503a4404af825262ee8232cc04d4ea6683d42c5dd0a2f2a27ac9824
"Artwork.dbf",93107,"2026-04-29 10:59:28",0257f0f07515a3f5ff5799f295af4d1389742d4ad35bb246f8ff50b1fb1a9bbb
"Artwork.prj",447,"2026-04-29 10:59:28",5e509df06656ea5c7732dd0f0414fa56b365ebcbdede96a8434d1b940d936753
"Artwork.qmd",3252,"2026-04-29 10:59:28",ebef784573cf1258ffd1618a2c9cd3afca61d77e0dc25e90c1f98245325556e8
"Artwork.shp",18048,"2026-04-29 10:59:28",cafdab010b84fa10e2dab37754880edc87506c106720203c81e1e2b59993c423
"Artwork.shx",5228,"2026-04-29 10:59:28",7266574b5053f76dd7b7fe7929b3825c651f3d8c5288df81bb61060340763406
"Bakery.cpg",5,"2026-04-29 10:59:30",3ad3031f5503a4404af825262ee8232cc04d4ea6683d42c5dd0a2f2a27ac9824
"Bakery.dbf",47577,"2026-04-29 10:59:31",5700e08292276f22d0fce1893caea5802206d202a672abc2cef9928e57dcf489
"Bakery.prj",447,"2026-04-29 10:59:31",5e509df06656ea5c7732dd0f0414fa56b365ebcbdede96a8434d1b940d936753
"Bakery.qmd",3252,"2026-04-29 10:59:31",ebef784573cf1258ffd1618a2c9cd3afca61d77e0dc25e90c1f98245325556e8
"Bakery.shp",9256,"2026-04-29 10:59:31",7d1504cc8b11600eb2c242f6002460f97641234d327b37b4ca7d1407182cef3c
"Bakery.shx",2716,"2026-04-29 10:59:31",e7d49d16908ed2d2abc47bb3d279254710e48ffdcea29d55600ff11fe255edec
"Banks.cpg",5,"2026-04-29 10:59:31",3ad3031f5503a4404af825262ee8232cc04d4ea6683d42c5dd0a2f2a27ac9824
"Banks.dbf",40907,"2026-04-29 10:59:32",9b913ffefa409d14bafeb3a72cbbcff27f220f42530d4b732c15129e5b28586a
"Banks.prj",447,"2026-04-29 10:59:32",5e509df06656ea5c7732dd0f0414fa56b365ebcbdede96a8434d1b940d936753
"Banks.qmd",3273,"2026-04-29 10:59:33",cc6f95888bb1b59c8b92dee87c270d1ca6bb65799dcc6056fe01e1289f77b8cc
"Banks.shp",7968,"2026-04-29 10:59:33",599313fb5e0480cd4daca662363b32682bf5f92c2de802ad68136fa54883dfd3
"Banks.shx",2348,"2026-04-29 10:59:32",8f62a0257cbe1d6b540328f8cab335c0d81d5b22f73819347fc444b417582c14
"Bike_rental.cpg",5,"2026-04-29 10:59:32",3ad3031f5503a4404af825262ee8232cc04d4ea6683d42c5dd0a2f2a27ac9824
"Bike_rental.dbf",34962,"2026-04-29 10:59:32",c23f1637e1319ac1557cbc332da77ce42daafd79e9cf2bbba0a1cf165a1fcdca
"Bike_rental.prj",447,"2026-04-29 10:59:33",5e509df06656ea5c7732dd0f0414fa56b365ebcbdede96a8434d1b940d936753
"Bike_rental.qmd",3305,"2026-04-29 10:59:33",9b8b1ed5adda388da48a0280e8990244195cdebddf0996e07adc3a1233dd4d15
"Bike_rental.shp",6820,"2026-04-29 10:59:33",44c434bf940bdd8a195c47585e5ed69461754e396d797fb30727f442474f52b8
"Bike_rental.shx",2020,"2026-04-29 10:59:33",a80ee415d81327cbbbe5964e699d95664d6e37885c0279d258080396b8ac5c74
"Bike_shops.cpg",5,"2026-04-29 10:59:33",3ad3031f5503a4404af825262ee8232cc04d4ea6683d42c5dd0a2f2a27ac9824
"Bike_shops.dbf",16547,"2026-04-29 10:59:33",e5cb731e5078a3ab42321fa2adcb126a1e9e23d188ed87270443716c8f7ca959
"Bike_shops.prj",447,"2026-04-29 10:59:33",5e509df06656ea5c7732dd0f0414fa56b365ebcbdede96a8434d1b940d936753
"Bike_shops.qmd",3252,"2026-04-29 10:59:34",ebef784573cf1258ffd1618a2c9cd3afca61d77e0dc25e90c1f98245325556e8
"Bike_shops.shp",3264,"2026-04-29 10:59:34",fc12db169c8550f5586631e9a44caed03dcbc2f95277580137fddd39c4645073
"Bike_shops.shx",1004,"2026-04-29 10:59:34",b617e1c7f8cc801d15c17b6d507377e545bc7cc61f2db1b134a446c14d65fbc5
"Book_stores.cpg",5,"2026-04-29 10:59:36",3ad3031f5503a4404af825262ee8232cc04d4ea6683d42c5dd0a2f2a27ac9824
"Book_stores.dbf",9442,"2026-04-29 10:59:36",2c04294bf0db0ed545d65deb520bc433849b327d5f881fce155284f750d3b661
"Book_stores.prj",447,"2026-04-29 10:59:37",5e509df06656ea5c7732dd0f0414fa56b365ebcbdede96a8434d1b940d936753
"Book_stores.qmd",3281,"2026-04-29 10:59:37",71e7cbc68a506d4bfa565e18ceeead2f39d3b5a88870df70683239b2beca76f1
"Book_stores.shp",1892,"2026-04-29 10:59:38",acc49fafcc025cf777136a9dcbb22a36dae763dd0a0f87332552b6ab65798e2d
"Book_stores.shx",612,"2026-04-29 10:59:38",bdc86064965c68a0e8972a2b1a67efc48c40ff3c4a75d59584855464afa4ae1f
"Bus_Industrial_Zones.cpg",5,"2026-04-29 10:59:37",3ad3031f5503a4404af825262ee8232cc04d4ea6683d42c5dd0a2f2a27ac9824
"Bus_Industrial_Zones.dbf",840592,"2026-04-29 10:59:37",96bb31ff60a044e71632b3fafe9ccdc2a33df8549ef96e85abbabc22ca9855e4
"Bus_Industrial_Zones.prj",447,"2026-04-29 10:59:37",5e509df06656ea5c7732dd0f0414fa56b365ebcbdede96a8434d1b940d936753
"Bus_Industrial_Zones.qmd",1901,"2026-04-29 10:59:37",6d4fd9d188eb9fa32a1e9fce9dbdef9fac328a1f8a1a90f1fd28d6033d487811
"Bus_Industrial_Zones.shp",18384,"2026-04-29 10:59:38",5cdaa8bb1b75e14ea4a54ff1a279d3e3604c73dfffd280c1270e9ebe867f24f6
"Bus_Industrial_Zones.shx",5324,"2026-04-29 10:59:38",6a86598cc351743d7f5d19f8d1becb1a10e4035b5deeb239d3347cecdccd9209
"Bus_stops.cpg",5,"2026-04-29 10:59:38",3ad3031f5503a4404af825262ee8232cc04d4ea6683d42c5dd0a2f2a27ac9824
"Bus_stops.dbf",1006172,"2026-04-29 10:59:38",715501fa3bc39c9f34b98da8e387988eb2cc4012a54f33a06534921494984b17
"Bus_stops.prj",447,"2026-04-29 10:59:38",5e509df06656ea5c7732dd0f0414fa56b365ebcbdede96a8434d1b940d936753
"Bus_stops.qmd",3252,"2026-04-29 10:59:38",e903091266cf043a1232767012c11a49aaf97ededb4e3d75accf2c36551c01f5
"Bus_stops.shp",194364,"2026-04-29 10:59:38",5e379f7e192990002c1c625c484b61cabba6e117d4b94f3dc521978e402da668
"Bus_stops.shx",55604,"2026-04-29 10:59:38",7bddff4ce7e7a2fceea61fb3c2db6b76deea741b0561424e732ba15530025f69
"Camp_sites.cpg",5,"2026-04-29 10:59:38",3ad3031f5503a4404af825262ee8232cc04d4ea6683d42c5dd0a2f2a27ac9824
"Camp_sites.dbf",11762,"2026-04-29 10:59:39",a902b28398401d96cc358b3e67a0b22c8769994a914e8dcbad8750aa248d65b9
"Camp_sites.prj",447,"2026-04-29 10:59:39",5e509df06656ea5c7732dd0f0414fa56b365ebcbdede96a8434d1b940d936753
"Camp_sites.qmd",3252,"2026-04-29 10:59:39",ebef784573cf1258ffd1618a2c9cd3afca61d77e0dc25e90c1f98245325556e8
"Camp_sites.shp",2340,"2026-04-29 10:59:39",18378a776b7cb9f5e3768b188b90643439a681b8cc9bbdabe29d8883636856fd
"Camp_sites.shx",740,"2026-04-29 10:59:39",2ab9b6af8cf653b14d5dba4e1e94a0464059c32973318132103a5c51e582b373
"Car_rent.cpg",5,"2026-04-29 10:59:39",3ad3031f5503a4404af825262ee8232cc04d4ea6683d42c5dd0a2f2a27ac9824
"Car_rent.dbf",38007,"2026-04-29 10:59:39",59da382d3bac74d635c32e5be4f5031ed5ce72e2eb33cdbcce6015e3fc1a2540
"Car_rent.prj",447,"2026-04-29 10:59:39",5e509df06656ea5c7732dd0f0414fa56b365ebcbdede96a8434d1b940d936753
"Car_rent.qmd",3295,"2026-04-29 10:59:39",d6246e6e001e94cea28b3c1ea020faa0fbce6bb9ca8965257bb7c98e53627788
"Car_rent.shp",7408,"2026-04-29 10:59:39",85acd66f9a344ceef28936961a38a2875543bc7d8d30eed8dc2d96671e34f619
"Car_rent.shx",2188,"2026-04-29 10:59:40",135dca6d66e11a062b5987533253615c235e1b0523e8fc09591eac5ecf8fff7a
"Car_wash.cpg",5,"2026-04-29 10:59:40",3ad3031f5503a4404af825262ee8232cc04d4ea6683d42c5dd0a2f2a27ac9824
"Car_wash.dbf",16402,"2026-04-29 10:59:40",60a5321de3af9cc06375295be70b1ca725e77ed2b84db76f78e5fa373348017d
"Car_wash.prj",447,"2026-04-29 10:59:40",5e509df06656ea5c7732dd0f0414fa56b365ebcbdede96a8434d1b940d936753
"Car_wash.qmd",3287,"2026-04-29 10:59:40",2b7ff393ff26a91367b284f56a3aa5f6e5ecee508335aef87cf12b57eb9aa942
"Car_wash.shp",3236,"2026-04-29 10:59:40",83798566e27713e2db7857df678555ff1e84e82f57eb0f3be54721d875c08c32
"Car_wash.shx",996,"2026-04-29 10:59:40",61979eb291c058149cadf3da1b21e1a2cce4a591c3a74473e5520e8b28aceca2
"Chapels.cpg",5,"2026-04-29 10:59:45",3ad3031f5503a4404af825262ee8232cc04d4ea6683d42c5dd0a2f2a27ac9824
"Chapels.dbf",908007,"2026-04-29 10:59:45",34708d17fe5dc9917bff316bf934e901d162ea3c1c4f2bbd2f45876313beb0de
"Chapels.prj",447,"2026-04-29 10:59:45",5e509df06656ea5c7732dd0f0414fa56b365ebcbdede96a8434d1b940d936753
"Chapels.qmd",3291,"2026-04-29 10:59:45",2bb0b7b61065bfede454bad8b08444bb82e8da5f4dac99a15c261c48d121986f
"Chapels.shp",175408,"2026-04-29 10:59:46",036573c00affe12e92b9da59ee115252766127e28400307bac9876bb054c5976
"Chapels.shx",50188,"2026-04-29 10:59:46",cda0064ddac477fed173aa8ebe7c6a3a7921b8b8180f32b961bd50733d93000f
"Cinemas.cpg",5,"2026-04-29 10:59:46",3ad3031f5503a4404af825262ee8232cc04d4ea6683d42c5dd0a2f2a27ac9824
"Cinemas.dbf",3352,"2026-04-29 10:59:47",74cf0cc0b713cdd53ffc5384eb1e8598f2747891e89a8a4969ff141c4c35b7a4
"Cinemas.prj",447,"2026-04-29 10:59:47",5e509df06656ea5c7732dd0f0414fa56b365ebcbdede96a8434d1b940d936753
"Cinemas.qmd",3271,"2026-04-29 10:59:47",e182f41cea526c05ab5055c3987814e3132f988d8d112a2888f6bdd6f4b1edab
"Cinemas.shp",716,"2026-04-29 10:59:47",85766c50fd3b797aae562e10364c2ec15eb039dd4dc40ec3b17996c50e3f883d
"Cinemas.shx",276,"2026-04-29 10:59:48",1cfd411c674ec81d5fef27e52f671d63d247a7ce5bd936d1522e7a8eccc5eebe
"Clinics.cpg",5,"2026-04-29 10:59:48",3ad3031f5503a4404af825262ee8232cc04d4ea6683d42c5dd0a2f2a27ac9824
"Clinics.dbf",4802,"2026-04-29 10:59:48",ac2b52988f0b5a06cbdccabd90f1efc66449dcd2f8f1f56adb99c8f122745161
"Clinics.prj",447,"2026-04-29 10:59:48",5e509df06656ea5c7732dd0f0414fa56b365ebcbdede96a8434d1b940d936753
"Clinics.qmd",3252,"2026-04-29 10:59:49",e2622a786f8a691151c8074790c5a48a4e9332c2fa1d6214c631218161011ddf
"Clinics.shp",996,"2026-04-29 10:59:49",b29634b376f1e6b6d42e28bcb577e04b43f17de088fc1a56f422506eaf08527c
"Clinics.shx",356,"2026-04-29 10:59:49",6b8ced67599db3000294264df6f9142f4b87794d3d50ae117e06ff3c0ded961a
"Clubs_bars.cpg",5,"2026-04-29 10:59:49",3ad3031f5503a4404af825262ee8232cc04d4ea6683d42c5dd0a2f2a27ac9824
"Clubs_bars.dbf",250867,"2026-04-29 10:59:49",8aefa356ecd1cebfc40fd1b045557cddddb2c83143be2db22f8ccf448aa11980
"Clubs_bars.prj",447,"2026-04-29 10:59:49",5e509df06656ea5c7732dd0f0414fa56b365ebcbdede96a8434d1b940d936753
"Clubs_bars.qmd",3283,"2026-04-29 10:59:49",7ed11dcfd675e135aaa54a91072b12982d0d9da6f1ec3533773c08bd0c77e63d
"Clubs_bars.shp",48512,"2026-04-29 10:59:50",a38b059ca9e9b8b928e04437e147c7028e6ea4fc01a3da3209877d6add2709d8
"Clubs_bars.shx",13932,"2026-04-29 10:59:50",e91d37adc69a2704e79ec183c987787c888eae266619ee2af2a9bab61211d70f
"Community_center.cpg",5,"2026-04-29 10:59:50",3ad3031f5503a4404af825262ee8232cc04d4ea6683d42c5dd0a2f2a27ac9824
"Community_center.dbf",13502,"2026-04-29 10:59:50",0630aebcd784407024ffdd466f2284dd45e9f36d5aa15386c16e00d2eb06eb6f
"Community_center.prj",447,"2026-04-29 10:59:50",5e509df06656ea5c7732dd0f0414fa56b365ebcbdede96a8434d1b940d936753
"Community_center.qmd",3252,"2026-04-29 10:59:51",ebef784573cf1258ffd1618a2c9cd3afca61d77e0dc25e90c1f98245325556e8
"Community_center.shp",2676,"2026-04-29 10:59:51",95e168abb86655a675ac97282d332e424293c0b13a6710fb40ec5fd926362a9f
"Community_center.shx",836,"2026-04-29 10:59:51",93654e4653a81c35cdccd3caeaab8465a8d6ad944121561bd1ae906c65c39d5e
"Currency_exchange.cpg",5,"2026-04-29 10:59:51",3ad3031f5503a4404af825262ee8232cc04d4ea6683d42c5dd0a2f2a27ac9824
"Currency_exchange.dbf",2321,"2026-04-29 10:59:52",cac392bb1f7b2463a4104018c09373750044f7a91c55c2bd94c75886b2ac2f20
"Currency_exchange.prj",447,"2026-04-29 10:59:52",5e509df06656ea5c7732dd0f0414fa56b365ebcbdede96a8434d1b940d936753
"Currency_exchange.qmd",1624,"2026-04-29 10:59:52",c870cc909a09a9b08d626c448e1b4aa839a39c872c6d6efade390c29c73fab51
"Currency_exchange.shp",240,"2026-04-29 10:59:52",836307561e7910f2e7a17d80e701cdaa19997f2794ecc4703673666181b4ac69
"Currency_exchange.shx",140,"2026-04-29 10:59:53",bde8be7fdac5ea874a158a68932ee2d308f266cad57caa968763bc335b725ba8
"Dentis_offices.cpg",5,"2026-04-29 10:59:53",3ad3031f5503a4404af825262ee8232cc04d4ea6683d42c5dd0a2f2a27ac9824
"Dentis_offices.dbf",13212,"2026-04-29 10:59:53",d21be7925bb5dcc094fd991b72825dd4cb1ba0f429432209ecee59beb5454e5f
"Dentis_offices.prj",447,"2026-04-29 10:59:53",5e509df06656ea5c7732dd0f0414fa56b365ebcbdede96a8434d1b940d936753
"Dentis_offices.qmd",1661,"2026-04-29 10:59:53",6611ec8b3bdb819a30df56b1b9c7df2c93e05b22ea0c8e02520bb65c8373fa7d
"Dentis_offices.shp",2620,"2026-04-29 10:59:53",3b4433973f5c95db9731dcbbdaa7656127b03f1ff137d7342719fae7823bcfed
"Dentis_offices.shx",820,"2026-04-29 10:59:53",087782632f65ca7f6605a7637590b989c0b0e838c1f14808897afccc8be50b04
"DissolvedBikePaths.cpg",5,"2026-04-29 10:59:54",3ad3031f5503a4404af825262ee8232cc04d4ea6683d42c5dd0a2f2a27ac9824
"DissolvedBikePaths.dbf",44434,"2026-04-29 10:59:54",1afe9f1c7388239c3fa4de17491de19123ea6a99ce7519d586e5f69dccb78acb
"DissolvedBikePaths.prj",447,"2026-04-29 10:59:54",5e509df06656ea5c7732dd0f0414fa56b365ebcbdede96a8434d1b940d936753
"DissolvedBikePaths.qmd",680,"2026-04-29 10:59:54",52852542b66085c1465bb246f901a5a682d3f64225e64487a45dde7ec2492fa7
"DissolvedBikePaths.shp",1431300,"2026-04-29 10:59:55",8381cc628025eed5a752e7863bf8ebca4d30d074ec3b232140243a9d4436cf79
"DissolvedBikePaths.shx",1348,"2026-04-29 10:59:55",7900c89fbe5bae1e868576fcb9f646eacd0280df3c9255b8dd5d0bc5810e4c1f
"Doctors_offices.cpg",5,"2026-04-29 10:59:55",3ad3031f5503a4404af825262ee8232cc04d4ea6683d42c5dd0a2f2a27ac9824
"Doctors_offices.dbf",13357,"2026-04-29 10:59:55",22cc30739151a35e6988bd8c366760419cb01728ac9c60329b7cc033479df5ee
"Doctors_offices.prj",447,"2026-04-29 10:59:55",5e509df06656ea5c7732dd0f0414fa56b365ebcbdede96a8434d1b940d936753
"Doctors_offices.qmd",1653,"2026-04-29 10:59:55",0cc1fe05a65f38683d66ac36f0995aa9125a00875027be5e1d28ae06166b4e62
"Doctors_offices.shp",2648,"2026-04-29 10:59:56",3016b092cfb02b4f73daa5049271191e409455a51147c4c9f2e52969752b9356
"Doctors_offices.shx",828,"2026-04-29 10:59:56",fbd6239311774709d68d7c00efbadf01e0384b77f1ea4e1904645e82930d7b84
"Embasy_consul.cpg",5,"2026-04-29 10:59:56",3ad3031f5503a4404af825262ee8232cc04d4ea6683d42c5dd0a2f2a27ac9824
"Embasy_consul.dbf",13939,"2026-04-29 10:59:56",5b414ef5f867672aa956dd4b13925089f60bb1d1e9dfff882477ccc239b617ee
"Embasy_consul.prj",447,"2026-04-29 10:59:56",5e509df06656ea5c7732dd0f0414fa56b365ebcbdede96a8434d1b940d936753
"Embasy_consul.qmd",680,"2026-04-29 10:59:56",52852542b66085c1465bb246f901a5a682d3f64225e64487a45dde7ec2492fa7
"Embasy_consul.shp",688,"2026-04-29 10:59:56",90360ea3702f34b5cb55f77cf2971b5db8dbd7df20cbb0b1b2ddb9d8158ccb72
"Embasy_consul.shx",268,"2026-04-29 10:59:56",ed711cd2517b0831ec57d2b86191f93420e351504b08b9adccc2b2b2eedca8f1
"Europe.gpkg",1032192,"2026-05-22 13:34:09",76e5e0995a119e2f7e5a64f82eb84f1528d26f78ab44bfed7b8e81b639046961
"Faculties.cpg",5,"2026-04-29 10:59:56",3ad3031f5503a4404af825262ee8232cc04d4ea6683d42c5dd0a2f2a27ac9824
"Faculties.dbf",4947,"2026-04-29 10:59:56",927c9e3b707c8d4a60017813b3d459c3de1214ad3802b4d9607152c976f08689
"Faculties.prj",447,"2026-04-29 10:59:57",5e509df06656ea5c7732dd0f0414fa56b365ebcbdede96a8434d1b940d936753
"Faculties.qmd",3281,"2026-04-29 10:59:57",a0d28986dd11606b29765fdcde253e8b9dcbc2c603909d670885d2213f28c4c9
"Faculties.shp",1024,"2026-04-29 10:59:57",bde5c1b9862730f4dca6c266e8ed486efdb40c20eb66c4ecefdac026351a169a
"Faculties.shx",364,"2026-04-29 10:59:57",e8ae46bbf5252faacbd5862ac49db4b84cb184ead849bc386d59a9cfbf84265e
"Fast_food.cpg",5,"2026-04-29 10:59:58",3ad3031f5503a4404af825262ee8232cc04d4ea6683d42c5dd0a2f2a27ac9824
"Fast_food.dbf",38152,"2026-04-29 10:59:57",bcab363a2a2bc0699ccaae7d935712fb5f2f90ba4bf74819c2af5df0ef5d273f
"Fast_food.prj",447,"2026-04-29 10:59:57",5e509df06656ea5c7732dd0f0414fa56b365ebcbdede96a8434d1b940d936753
"Fast_food.qmd",3252,"2026-04-29 10:59:57",a94524f10fb952cdab3a47a8485861b2bfa643690397ab2cdbeb43e42cc3f25b
"Fast_food.shp",7436,"2026-04-29 10:59:58",c1781c676bb4ae31bed28b012c426a2421bbd92e82ebf6357a5f02faa3e590d2
"Fast_food.shx",2196,"2026-04-29 10:59:58",719148396beb5ea6e41842a508a49e63f9bc26d7749e1f70fee10e38e7d7ed1f
"Fire_stations.cpg",5,"2026-04-29 10:59:58",3ad3031f5503a4404af825262ee8232cc04d4ea6683d42c5dd0a2f2a27ac9824
"Fire_stations.dbf",18142,"2026-04-29 10:59:58",9709386e77e25703a5c875c4eead0418a02b64a33f8236f0c9487946a11ae2f3
"Fire_stations.prj",447,"2026-04-29 10:59:58",5e509df06656ea5c7732dd0f0414fa56b365ebcbdede96a8434d1b940d936753
"Fire_stations.qmd",3295,"2026-04-29 10:59:58",bda5ab315af5fc300d184946415a80c1d0be66fbac4dbafe624b628c7139d067
"Fire_stations.shp",3572,"2026-04-29 10:59:58",43c356d0d68cc2db7acdef7c0ab7589f6aac2fe06914cf9918be07db4268e683
"Fire_stations.shx",1092,"2026-04-29 10:59:59",04000e4074adbc1788054293b15304fdc307e9ad959a8b3212abd14481adbf45
"Fitness_C.cpg",5,"2026-04-29 10:59:59",3ad3031f5503a4404af825262ee8232cc04d4ea6683d42c5dd0a2f2a27ac9824
"Fitness_C.dbf",11327,"2026-04-29 10:59:59",2c79c9bd4f48e31bc09c0e73162b1bdf4186f901ba7385ff338f13fda651b526
"Fitness_C.prj",447,"2026-04-29 10:59:59",5e509df06656ea5c7732dd0f0414fa56b365ebcbdede96a8434d1b940d936753
"Fitness_C.qmd",3252,"2026-04-29 10:59:59",a94524f10fb952cdab3a47a8485861b2bfa643690397ab2cdbeb43e42cc3f25b
"Fitness_C.shp",2256,"2026-04-29 10:59:59",ffd5f52b834ae7afc5c937efd22a26caf873a22f6fdfa50981c5c42ba350b0e1
"Fitness_C.shx",716,"2026-04-29 10:59:59",f5130fdf4103d22464dcd342ebb4d1f609371044e7cf9ad4be9218cd7b1ac552
"Gas_stations.cpg",5,"2026-04-29 11:00:00",3ad3031f5503a4404af825262ee8232cc04d4ea6683d42c5dd0a2f2a27ac9824
"Gas_stations.dbf",9007,"2026-04-29 11:00:00",85c58606d7e6082eab3e41e3a5d9b38f371fb1153c97d98f4dfad8464bdf1a9e
"Gas_stations.prj",447,"2026-04-29 11:00:00",5e509df06656ea5c7732dd0f0414fa56b365ebcbdede96a8434d1b940d936753
"Gas_stations.qmd",3281,"2026-04-29 11:00:00",d105351c1e9e43bc19a623a10aae24df3a26048f10e2023c26da32184f3a22a8
"Gas_stations.shp",1808,"2026-04-29 11:00:01",10d3ef7be5dddcf4c56cc796d129c0294121d5a3ebe75ac3ecbabbf942cb19da
"Gas_stations.shx",588,"2026-04-29 11:00:01",10dd8ecd4714349fd479281b998cc21300605e5b8360630cd992334958d34fff
"Gift_shops.cpg",5,"2026-04-29 11:00:01",3ad3031f5503a4404af825262ee8232cc04d4ea6683d42c5dd0a2f2a27ac9824
"Gift_shops.dbf",11907,"2026-04-29 11:00:01",bbddba304b79747fb84224cd897ca4666abaf1588f23c54606bd59bfa9cfdb09
"Gift_shops.prj",447,"2026-04-29 11:00:02",5e509df06656ea5c7732dd0f0414fa56b365ebcbdede96a8434d1b940d936753
"Gift_shops.qmd",3252,"2026-04-29 11:00:01",ebef784573cf1258ffd1618a2c9cd3afca61d77e0dc25e90c1f98245325556e8
"Gift_shops.shp",2368,"2026-04-29 11:00:01",c8b46b3c87f9cac6341d295ae4f6df2fef158a093635be61921e63230b64a58d
"Gift_shops.shx",748,"2026-04-29 11:00:01",52d34c8dde579caca128f243509c246fd8fc82f26ca0f4d15cd3ea31f1a97062
"Higher_Courthouses.cpg",5,"2026-04-29 11:00:01",3ad3031f5503a4404af825262ee8232cc04d4ea6683d42c5dd0a2f2a27ac9824
"Higher_Courthouses.dbf",45620,"2026-04-29 11:00:02",714626ffa8208ab0003f99c6d0af82627f8ac30471c896fa6a48d31c5e825038
"Higher_Courthouses.prj",447,"2026-04-29 11:00:02",5e509df06656ea5c7732dd0f0414fa56b365ebcbdede96a8434d1b940d936753
"Higher_Courthouses.qmd",3281,"2026-04-29 11:00:02",ecc36f422785b0a8913142d8942a1fc44ced7323ad3ada881d207ac335c58ecc
"Higher_Courthouses.shp",268,"2026-04-29 11:00:02",03103a9e53f5f19e06506d88ffe6e7b9c77034d6bdb1bd49b5731daf174e42b7
"Higher_Courthouses.shx",148,"2026-04-29 11:00:02",ada3b5fd5ade1ea05d90948bb4c030432f1eaf625235f582062590088ed92202
"Hostels_motels.cpg",5,"2026-04-29 11:00:02",3ad3031f5503a4404af825262ee8232cc04d4ea6683d42c5dd0a2f2a27ac9824
"Hostels_motels.dbf",52652,"2026-04-29 11:00:02",9faa235dc3faaf70a16e2c13a1260d0afa27ff8f76e9cc5b3b18f55e92c31027
"Hostels_motels.prj",447,"2026-04-29 11:00:02",5e509df06656ea5c7732dd0f0414fa56b365ebcbdede96a8434d1b940d936753
"Hostels_motels.qmd",3289,"2026-04-29 11:00:02",7868c77099ce74f00fd73b5daf9bdb2fe9bade95783c3a600873bf02e38fb4a2
"Hostels_motels.shp",10236,"2026-04-29 11:00:02",112cf4bf56619343c37c6cbd2adfe8cf526d06496740dcb7e024b7032d769298
"Hostels_motels.shx",2996,"2026-04-29 11:00:02",aff1eb1ecd88f6e89f23f130cfc3ec9d9172567bf48fa4f8d18953d8bdcc8a4b
"Hotels.cpg",5,"2026-04-29 11:00:02",3ad3031f5503a4404af825262ee8232cc04d4ea6683d42c5dd0a2f2a27ac9824
"Hotels.dbf",29452,"2026-04-29 11:00:03",7d0a3591d5447854689ba8bfbef32514ac484a6d72c45c2d4c9e6fd6fe104b4f
"Hotels.prj",447,"2026-04-29 11:00:03",5e509df06656ea5c7732dd0f0414fa56b365ebcbdede96a8434d1b940d936753
"Hotels.qmd",3275,"2026-04-29 11:00:03",c7b40e1ea8e196dc5a298e26b8b3bbfd3c9a2c148d9275c15916e209eb068177
"Hotels.shp",5756,"2026-04-29 11:00:03",3d1778d9c4409ae241d17b2393347646c31f6474eba3b62b90af15a4d8630481
"Hotels.shx",1716,"2026-04-29 11:00:03",3205bdc8c9f7493988119e70c8b094b21d075c9cd58e659627f1f94692c64e40
"Hunting_stand.cpg",5,"2026-04-29 11:00:03",3ad3031f5503a4404af825262ee8232cc04d4ea6683d42c5dd0a2f2a27ac9824
"Hunting_stand.dbf",251592,"2026-04-29 11:00:03",660579477651d1cf062e45abc80ea46e7356eb8b44316c33c93170f117501e70
"Hunting_stand.prj",447,"2026-04-29 11:00:03",5e509df06656ea5c7732dd0f0414fa56b365ebcbdede96a8434d1b940d936753
"Hunting_stand.qmd",3252,"2026-04-29 11:00:03",ebef784573cf1258ffd1618a2c9cd3afca61d77e0dc25e90c1f98245325556e8
"Hunting_stand.shp",48652,"2026-04-29 11:00:04",21b7e3f10b0b1656d2527558da6ad8ce7fe89a14ad193779ed2e66a4daf25de4
"Hunting_stand.shx",13972,"2026-04-29 11:00:04",e0d00329e41eb941b749c45f98518360f5d0ed7f02887370639de23930a408ad
"Kiosk.cpg",5,"2026-04-29 11:00:04",3ad3031f5503a4404af825262ee8232cc04d4ea6683d42c5dd0a2f2a27ac9824
"Kiosk.dbf",10602,"2026-04-29 11:00:04",34ff75cbd9606fe4e9f1a6ab7c8be6ac6272fe72c364aa1bf7812900ae579f2a
"Kiosk.prj",447,"2026-04-29 11:00:04",5e509df06656ea5c7732dd0f0414fa56b365ebcbdede96a8434d1b940d936753
"Kiosk.qmd",3252,"2026-04-29 11:00:04",ebef784573cf1258ffd1618a2c9cd3afca61d77e0dc25e90c1f98245325556e8
"Kiosk.shp",2116,"2026-04-29 11:00:04",60bbd6b0e43fcd8d60ec422660039eb3bf722eb12202110266278e4521c85f5b
"Kiosk.shx",676,"2026-04-29 11:00:04",ec438359bb4d0a89b0f101bf9a8baa1be523aa70eb3e6caec31b75ec76e3465f
"Libraries.cpg",5,"2026-04-29 11:00:09",3ad3031f5503a4404af825262ee8232cc04d4ea6683d42c5dd0a2f2a27ac9824
"Libraries.dbf",16257,"2026-04-29 11:00:09",3c68db80e4a522977e6af3f30746455a25e76ec318307c8281581f3f2b1534e6
"Libraries.prj",447,"2026-04-29 11:00:09",5e509df06656ea5c7732dd0f0414fa56b365ebcbdede96a8434d1b940d936753
"Libraries.qmd",3281,"2026-04-29 11:00:10",33e0079dca2ae4d14671491427f1553fb389a81c6490d4758456c58e235c7c47
"Libraries.shp",3208,"2026-04-29 11:00:10",10bf6dca707a7255007bbbdbe39028e70c751d62d797c1fdd2b25b43c6261671
"Libraries.shx",988,"2026-04-29 11:00:11",f434d52fc99fc6bcf6abcc2d6dc3fe6d93d242f8e375507beb5e380c21b125ce
"Main_Courthouse.cpg",5,"2026-04-29 11:00:11",3ad3031f5503a4404af825262ee8232cc04d4ea6683d42c5dd0a2f2a27ac9824
"Main_Courthouse.dbf",9765,"2026-04-29 11:00:10",8d22cadef5c4f659d87bcc86f18951c7be450fed7035e5b7e64c2337f4430f4e
"Main_Courthouse.prj",447,"2026-04-29 11:00:10",5e509df06656ea5c7732dd0f0414fa56b365ebcbdede96a8434d1b940d936753
"Main_Courthouse.qmd",3285,"2026-04-29 11:00:10",0c141f385882c67a02719727528017d56b52b93d07d158b4ea0d3a86b6a7d482
"Main_Courthouse.shp",128,"2026-04-29 11:00:10",7ec23112a6505454436b730d5165944b007ae8fee374512da38ee73f8615b52d
"Main_Courthouse.shx",108,"2026-04-29 11:00:11",1c7d875454104c6a01b868869f55cc4fd34a0aa29ea0af728179791fde4959e7
"Marketplaces.cpg",5,"2026-04-29 11:00:11",3ad3031f5503a4404af825262ee8232cc04d4ea6683d42c5dd0a2f2a27ac9824
"Marketplaces.dbf",9152,"2026-04-29 11:00:11",a270467d06abd4863b13c6145b29a916e7081c18b359a2363c9c86d7199b8bbf
"Marketplaces.prj",447,"2026-04-29 11:00:11",5e509df06656ea5c7732dd0f0414fa56b365ebcbdede96a8434d1b940d936753
"Marketplaces.qmd",3277,"2026-04-29 11:00:11",685c2666ebc58bd0e8f84d382019a12f61477af3be0d6afbbffdbad598a434f3
"Marketplaces.shp",1836,"2026-04-29 11:00:11",255855932e422270c953ec80e118e28eb574d1446e2a1a83f5ca346ba598d640
"Marketplaces.shx",596,"2026-04-29 11:00:11",a8c8072b824375cc8f8a3897882a46478fea6797f52f271a1aa4c13d177cc76f
"Municipalities.cpg",5,"2026-04-29 11:00:11",3ad3031f5503a4404af825262ee8232cc04d4ea6683d42c5dd0a2f2a27ac9824
"Municipalities.cst",5,"2026-04-29 11:00:11",3ad3031f5503a4404af825262ee8232cc04d4ea6683d42c5dd0a2f2a27ac9824
"Municipalities.dbf",54126,"2026-04-29 11:00:11",f302eb1400ede35ce3b05c7f3a9c07f81915fb57ce8723960ec12ae58dc65d3b
"Municipalities.prj",735,"2026-04-29 11:00:12",3cd7c6924e5ba06b42bf094477d160fabe54ac62db3d717b84bb03e860b69e4b
"Municipalities.shp",8061356,"2026-04-29 11:00:13",6ef69e081ed16a071996171d2a032c897157ae9b69367403dc1b816621e838bf
"Municipalities.shx",1796,"2026-04-29 11:00:12",1fd2597ba629dc0f48aa4636da11a8287f98148173bd91e1e7d8714243b17adf
"Municipalities_All_Groups_NotWeighted.geojson",120435,"2026-04-29 11:00:12",908223ecbad8832e52e0f6c9e1e1c9f270c68e7a47683193344327f02a657997
"Municipalities_All_Groups_NotWeighted.qmd",3529,"2026-04-29 11:00:12",9118d998295d91a4c0d7b0f7e72cb13fd70983264fd8962f8430b1dd8b8085db
"Municipalities_All_Groups_NotWeighted1.geojson",34610,"2026-04-29 11:00:12",319f915466c31ea825baf67be8318795b5f54b8c5a7639c620dd9ca8a849c72f
"Municipalities_All_Groups_NotWeighted1.qmd",3529,"2026-04-29 11:00:12",9118d998295d91a4c0d7b0f7e72cb13fd70983264fd8962f8430b1dd8b8085db
"Municipalities_All_Groups_NotWeighted_Normalized.gpkg",163840,"2026-04-29 11:00:12",a7100baf9fef69cf7b80ccc65471387f76694e5b6cc7d8a3ee132531a02eb9be
"Municipalities_All_Groups_Weighted.geojson",129260,"2026-04-29 11:00:12",37f5757ba095d0d9dad68907bf8891c61ee8fc5cb12afdfc4df85ca42e7f1df0
"Municipalities_All_Groups_Weighted.qmd",3529,"2026-04-29 11:00:13",9118d998295d91a4c0d7b0f7e72cb13fd70983264fd8962f8430b1dd8b8085db
"Municipalities_All_Groups_Weighted_AHP.gpkg",147456,"2026-04-29 11:00:13",7df659f044ffaebfbbf5a7c2cacc5530cbd1dd4a5a35f2049688958a9c7b7132
"Municipalities_All_Groups_Weighted_Normalized.gpkg",163840,"2026-04-29 11:00:13",9298f6cf90fcd5384f0df4ae171e6b8dbe7e2d59637584d7388c2c2f2af04831
"Municipalities_Culture_with_index.gpkg",135168,"2026-04-29 11:00:14",3d25963039966ca5398603958e92463031b05107e4924b1db8f2bc46d77feb4e
"Municipalities_Education_with_index.gpkg",143360,"2026-04-29 11:00:13",8d88b220faeda55ba796d4f3f64a34731e7a80ccd31218034d5cee2af5cb2bfe
"Municipalities_Finance_with_index.gpkg",126976,"2026-04-29 11:00:13",4c5833db0fd6d40505e0c6a70cd7f9f4c12ffc96141ee885f956b6bf179c75e8
"Municipalities_Group_Culture.cpg",5,"2026-04-29 11:00:13",3ad3031f5503a4404af825262ee8232cc04d4ea6683d42c5dd0a2f2a27ac9824
"Municipalities_Group_Culture.dbf",38854,"2026-04-29 11:00:13",cc0b2b47436562412052aa183a3c508e065dd4cff0816ab371507388dc36f187
"Municipalities_Group_Culture.prj",447,"2026-04-29 11:00:13",5e509df06656ea5c7732dd0f0414fa56b365ebcbdede96a8434d1b940d936753
"Municipalities_Group_Culture.qmd",3529,"2026-04-29 11:00:14",cf0cedfed862afe5b338d61f9a607d3edbef3fe94f4461c1131e57e9dcf6f20d
"Municipalities_Group_Culture.shp",6036,"2026-04-29 11:00:14",2e794ce026dcc9bfea173b6d48e1427d8a45940ce7d4c32b5990a244d63f337e
"Municipalities_Group_Culture.shx",1796,"2026-04-29 11:00:14",b765ba136b2f39ee2d75a643da2bc10e413574e38c9a619b0f088431a1378e81
"Municipalities_Group_Culture_normalized.gpkg",139264,"2026-04-29 11:00:14",3c5038a577791fd0e671315a238f2d7d191e174893cde0411802a542c2b972d1
"Municipalities_Group_Education.cpg",5,"2026-04-29 11:00:14",3ad3031f5503a4404af825262ee8232cc04d4ea6683d42c5dd0a2f2a27ac9824
"Municipalities_Group_Education.dbf",43158,"2026-04-29 11:00:14",0671b1257dd208d96f157e16e286427ac78ed0fb5aa656879308873dbdea11f7
"Municipalities_Group_Education.prj",447,"2026-04-29 11:00:14",5e509df06656ea5c7732dd0f0414fa56b365ebcbdede96a8434d1b940d936753
"Municipalities_Group_Education.qmd",3529,"2026-04-29 11:00:14",cf0cedfed862afe5b338d61f9a607d3edbef3fe94f4461c1131e57e9dcf6f20d
"Municipalities_Group_Education.shp",6036,"2026-04-29 11:00:14",2e794ce026dcc9bfea173b6d48e1427d8a45940ce7d4c32b5990a244d63f337e
"Municipalities_Group_Education.shx",1796,"2026-04-29 11:00:14",b765ba136b2f39ee2d75a643da2bc10e413574e38c9a619b0f088431a1378e81
"Municipalities_Group_Education_normalized.gpkg",147456,"2026-04-29 11:00:15",86549c54de3fb00d0bcaec063e3ed24dd685bed29e4237cc82e131caca66db80
"Municipalities_Group_Finance.cpg",5,"2026-04-29 11:00:15",3ad3031f5503a4404af825262ee8232cc04d4ea6683d42c5dd0a2f2a27ac9824
"Municipalities_Group_Finance.dbf",21638,"2026-04-29 11:00:15",031a71ca3b0604d5cd4508fbbffeecc28a5f9300bb6650a63a2497e23b410449
"Municipalities_Group_Finance.prj",447,"2026-04-29 11:00:16",5e509df06656ea5c7732dd0f0414fa56b365ebcbdede96a8434d1b940d936753
"Municipalities_Group_Finance.qmd",3529,"2026-04-29 11:00:15",cf0cedfed862afe5b338d61f9a607d3edbef3fe94f4461c1131e57e9dcf6f20d
"Municipalities_Group_Finance.shp",6036,"2026-04-29 11:00:15",2e794ce026dcc9bfea173b6d48e1427d8a45940ce7d4c32b5990a244d63f337e
"Municipalities_Group_Finance.shx",1796,"2026-04-29 11:00:15",b765ba136b2f39ee2d75a643da2bc10e413574e38c9a619b0f088431a1378e81
"Municipalities_Group_Finance_normalized.gpkg",135168,"2026-04-29 11:00:15",40e8bde6f2bca0dbbd9f6f38bc70f98bf88b69cdcee0fc4275e016d644e990cc
"Municipalities_Group_Healthcare.cpg",5,"2026-04-29 11:00:15",3ad3031f5503a4404af825262ee8232cc04d4ea6683d42c5dd0a2f2a27ac9824
"Municipalities_Group_Healthcare.dbf",32398,"2026-04-29 11:00:16",e48829334245fab3c0a42d6bcedec705e825e8447d4d38b844c1b0bbab1b494e
"Municipalities_Group_Healthcare.prj",447,"2026-04-29 11:00:16",5e509df06656ea5c7732dd0f0414fa56b365ebcbdede96a8434d1b940d936753
"Municipalities_Group_Healthcare.qmd",3529,"2026-04-29 11:00:16",cf0cedfed862afe5b338d61f9a607d3edbef3fe94f4461c1131e57e9dcf6f20d
"Municipalities_Group_Healthcare.shp",6036,"2026-04-29 11:00:16",2e794ce026dcc9bfea173b6d48e1427d8a45940ce7d4c32b5990a244d63f337e
"Municipalities_Group_Healthcare.shx",1796,"2026-04-29 11:00:16",b765ba136b2f39ee2d75a643da2bc10e413574e38c9a619b0f088431a1378e81
"Municipalities_Group_Healthcare_normalized.gpkg",139264,"2026-04-29 11:00:16",cba2d89b1d3c1d199d73bcf40c23625ce05fdbc37a1d342dac52cf7187dbcc12
"Municipalities_Group_JudiciaryAndEmerg.cpg",5,"2026-04-29 11:00:16",3ad3031f5503a4404af825262ee8232cc04d4ea6683d42c5dd0a2f2a27ac9824
"Municipalities_Group_JudiciaryAndEmerg.dbf",30246,"2026-04-29 11:00:16",68a579378e67e72c2b16ccbc25653b9d0f419b4bd35cd28f617d95207486287c
"Municipalities_Group_JudiciaryAndEmerg.prj",447,"2026-04-29 11:00:16",5e509df06656ea5c7732dd0f0414fa56b365ebcbdede96a8434d1b940d936753
"Municipalities_Group_JudiciaryAndEmerg.qmd",3529,"2026-04-29 11:00:17",3da077d2b8e92a55518d2af461803e493820521370b9627fa939177f20238dea
"Municipalities_Group_JudiciaryAndEmerg.shp",6036,"2026-04-29 11:00:17",2e794ce026dcc9bfea173b6d48e1427d8a45940ce7d4c32b5990a244d63f337e
"Municipalities_Group_JudiciaryAndEmerg.shx",1796,"2026-04-29 11:00:17",b765ba136b2f39ee2d75a643da2bc10e413574e38c9a619b0f088431a1378e81
"Municipalities_Group_JudiciaryAndEmerg_normalized.gpkg",135168,"2026-04-29 11:00:17",f2bea01252db7991556514d075faa2aa9a17ca6ed035193be9b96edcdb81bfb2
"Municipalities_Group_Residential.cpg",5,"2026-04-29 11:00:17",3ad3031f5503a4404af825262ee8232cc04d4ea6683d42c5dd0a2f2a27ac9824
"Municipalities_Group_Residential.dbf",28518,"2026-04-29 11:00:17",af68b4df44c5bea463f922813eb2d0dff7c87e984a832f6faf74a84a19cbb4c2
"Municipalities_Group_Residential.prj",447,"2026-04-29 11:00:17",5e509df06656ea5c7732dd0f0414fa56b365ebcbdede96a8434d1b940d936753
"Municipalities_Group_Residential.qmd",3529,"2026-04-29 11:00:17",3da077d2b8e92a55518d2af461803e493820521370b9627fa939177f20238dea
"Municipalities_Group_Residential.shp",6036,"2026-04-29 11:00:18",2e794ce026dcc9bfea173b6d48e1427d8a45940ce7d4c32b5990a244d63f337e
"Municipalities_Group_Residential.shx",1796,"2026-04-29 11:00:18",b765ba136b2f39ee2d75a643da2bc10e413574e38c9a619b0f088431a1378e81
"Municipalities_Group_Residential_normalized.gpkg",143360,"2026-04-29 11:00:18",4fdc4bafd686f7825b1217877baa6b1181423ddc8224986d3c61a75407cd5daa
"Municipalities_Group_SportRecreation.cpg",5,"2026-04-29 11:00:18",3ad3031f5503a4404af825262ee8232cc04d4ea6683d42c5dd0a2f2a27ac9824
"Municipalities_Group_SportRecreation.dbf",39066,"2026-04-29 11:00:18",6d1beaaf78229c3648d76ffd91d7f82330c291c613c8c7cec9ee54ad70467998
"Municipalities_Group_SportRecreation.prj",447,"2026-04-29 11:00:18",5e509df06656ea5c7732dd0f0414fa56b365ebcbdede96a8434d1b940d936753
"Municipalities_Group_SportRecreation.qmd",3529,"2026-04-29 11:00:18",0152910632f5a4270d3f2d22e015370784a30e7bff33168c9940e0165c7958bb
"Municipalities_Group_SportRecreation.shp",6036,"2026-04-29 11:00:18",2e794ce026dcc9bfea173b6d48e1427d8a45940ce7d4c32b5990a244d63f337e
"Municipalities_Group_SportRecreation.shx",1796,"2026-04-29 11:00:18",b765ba136b2f39ee2d75a643da2bc10e413574e38c9a619b0f088431a1378e81
"Municipalities_Group_SportRecreation_normalized.gpkg",139264,"2026-04-29 11:00:18",290469fb598dcde52f6c976ee75a5cb7d26ff273f654f5401768e951f7995714
"Municipalities_Group_Tourism.cpg",5,"2026-04-29 11:00:19",3ad3031f5503a4404af825262ee8232cc04d4ea6683d42c5dd0a2f2a27ac9824
"Municipalities_Group_Tourism.dbf",41006,"2026-04-29 11:00:19",a40b801c2a16d35b016983b44e89d1e099390dc223953da7e77e91a1653b6edc
"Municipalities_Group_Tourism.prj",447,"2026-04-29 11:00:19",5e509df06656ea5c7732dd0f0414fa56b365ebcbdede96a8434d1b940d936753
"Municipalities_Group_Tourism.qmd",3529,"2026-04-29 11:00:19",0152910632f5a4270d3f2d22e015370784a30e7bff33168c9940e0165c7958bb
"Municipalities_Group_Tourism.shp",6036,"2026-04-29 11:00:19",2e794ce026dcc9bfea173b6d48e1427d8a45940ce7d4c32b5990a244d63f337e
"Municipalities_Group_Tourism.shx",1796,"2026-04-29 11:00:19",b765ba136b2f39ee2d75a643da2bc10e413574e38c9a619b0f088431a1378e81
"Municipalities_Group_Tourism_normalized.gpkg",147456,"2026-04-29 11:00:19",bf9e07696352f310ca741b63e19ee7dbf5b61c4b30079f6bda2a2644c3b751f6
"Municipalities_Group_TradeAndBus.cpg",5,"2026-04-29 11:00:19",3ad3031f5503a4404af825262ee8232cc04d4ea6683d42c5dd0a2f2a27ac9824
"Municipalities_Group_TradeAndBus.dbf",28094,"2026-04-29 11:00:19",6c626d4504870ccddf4efc449626bb27169f9108fb575a56df892805a3c11371
"Municipalities_Group_TradeAndBus.prj",447,"2026-04-29 11:00:19",5e509df06656ea5c7732dd0f0414fa56b365ebcbdede96a8434d1b940d936753
"Municipalities_Group_TradeAndBus.qmd",3529,"2026-04-29 11:00:20",3da077d2b8e92a55518d2af461803e493820521370b9627fa939177f20238dea
"Municipalities_Group_TradeAndBus.shp",6036,"2026-04-29 11:00:20",2e794ce026dcc9bfea173b6d48e1427d8a45940ce7d4c32b5990a244d63f337e
"Municipalities_Group_TradeAndBus.shx",1796,"2026-04-29 11:00:20",b765ba136b2f39ee2d75a643da2bc10e413574e38c9a619b0f088431a1378e81
"Municipalities_Group_TradeAndBus_normalized.gpkg",139264,"2026-04-29 11:00:20",6b236c38bdcb330006a66ca923cc5194c9605c0a0bfe3c5d1540616687133f82
"Municipalities_Group_TrafficAndCommunication.cpg",5,"2026-04-29 11:00:20",3ad3031f5503a4404af825262ee8232cc04d4ea6683d42c5dd0a2f2a27ac9824
"Municipalities_Group_TrafficAndCommunication.dbf",43582,"2026-04-29 11:00:20",be7f975c82e4bde705c67a81cd432c9073bb2f4476f7d115e3b9b463e2e67808
"Municipalities_Group_TrafficAndCommunication.prj",447,"2026-04-29 11:00:20",5e509df06656ea5c7732dd0f0414fa56b365ebcbdede96a8434d1b940d936753
"Municipalities_Group_TrafficAndCommunication.qmd",3529,"2026-04-29 11:00:20",cf0cedfed862afe5b338d61f9a607d3edbef3fe94f4461c1131e57e9dcf6f20d
"Municipalities_Group_TrafficAndCommunication.shp",6036,"2026-04-29 11:00:20",2e794ce026dcc9bfea173b6d48e1427d8a45940ce7d4c32b5990a244d63f337e
"Municipalities_Group_TrafficAndCommunication.shx",1796,"2026-04-29 11:00:21",b765ba136b2f39ee2d75a643da2bc10e413574e38c9a619b0f088431a1378e81
"Municipalities_Group_TrafficAndCommunication_normalized.gpkg",143360,"2026-04-29 11:00:21",48ccf49ed178a042ed771c736c7c9b8a6d71f80d5fe1003897aa254310d10b8c
"Municipalities_Healthcare_with_index.gpkg",135168,"2026-04-29 11:00:21",bef48e88d3677a3206b98723440db1a0d5d0608fd23f1cf3b2eda173d56ae153
"Municipalities_Judiciary_with_index.gpkg",131072,"2026-04-29 11:00:21",affb67f34f7beef99b3e0fb71f54de3908613796402c2bb1e07374a7500b2009
"Municipalities_Points.cpg",5,"2026-04-29 11:00:21",3ad3031f5503a4404af825262ee8232cc04d4ea6683d42c5dd0a2f2a27ac9824
"Municipalities_Points.dbf",233806,"2026-04-29 11:00:21",15864bd53f0a99b68d306f8afad2225df8e88a20b9ff1810ffa26c1cff5609d3
"Municipalities_Points.prj",447,"2026-04-29 11:00:21",5e509df06656ea5c7732dd0f0414fa56b365ebcbdede96a8434d1b940d936753
"Municipalities_Points.qmd",3529,"2026-04-29 11:00:21",baa345326bc1f3202d740d2292643d3c2915d843be694af8f64b19f42e2ee004
"Municipalities_Points.shp",6036,"2026-04-29 11:00:21",2e794ce026dcc9bfea173b6d48e1427d8a45940ce7d4c32b5990a244d63f337e
"Municipalities_Points.shx",1796,"2026-04-29 11:00:21",b765ba136b2f39ee2d75a643da2bc10e413574e38c9a619b0f088431a1378e81
"Municipalities_Points1.cpg",5,"2026-04-29 11:00:21",3ad3031f5503a4404af825262ee8232cc04d4ea6683d42c5dd0a2f2a27ac9824
"Municipalities_Points1.dbf",105570,"2026-04-29 11:00:22",08fb10a10e4c04953dce8f87e24b117762e8e944869a765e221739d7e927a79e
"Municipalities_Points1.prj",447,"2026-04-29 11:00:22",5e509df06656ea5c7732dd0f0414fa56b365ebcbdede96a8434d1b940d936753
"Municipalities_Points1.qmd",3529,"2026-04-29 11:00:22",baa345326bc1f3202d740d2292643d3c2915d843be694af8f64b19f42e2ee004
"Municipalities_Points1.shp",6036,"2026-04-29 11:00:22",2e794ce026dcc9bfea173b6d48e1427d8a45940ce7d4c32b5990a244d63f337e
"Municipalities_Points1.shx",1796,"2026-04-29 11:00:23",b765ba136b2f39ee2d75a643da2bc10e413574e38c9a619b0f088431a1378e81
"Municipalities_Points_normalized.gpkg",225280,"2026-04-29 11:00:22",d496efe5a7999b91a4ab657d83e54bd4175717259dc767d94e29e33bcf7759da
"Municipalities_Residential_with_index.gpkg",139264,"2026-04-29 11:00:22",eb36db9a3da20a98afad54d53c24c658cb31264a8840df11091c03f54648280c
"Municipalities_Sport_with_index.gpkg",135168,"2026-04-29 11:00:22",cf1b3c2a89796d0a260eb335093d06cdd970248bfffe8d307ff3297f83c92909
"Municipalities_Tourism_with_index.gpkg",143360,"2026-04-29 11:00:22",a6d2e408156d21fa015f44b50888007897b1d06d1286084609162278cd526aa5
"Municipalities_Trade_with_index.gpkg",131072,"2026-04-29 11:00:23",b61644972e5036cb7e55989b9db0e0a67016577b6f6d3e43559d27b63b28f385
"Municipalities_TrafficAndCommunication_with_index.gpkg",143360,"2026-04-29 11:00:23",d21ac84c217117a4f72e366254c6d89ab96660ae0388b2753b80cf42f85f20c8
"Museums.cpg",5,"2026-04-29 11:00:23",3ad3031f5503a4404af825262ee8232cc04d4ea6683d42c5dd0a2f2a27ac9824
"Museums.dbf",22202,"2026-04-29 11:00:24",7a63e6a425bfde4519cfc6a2068c3799a4b257ccea3820eb25006ee400b6dd96
"Museums.prj",447,"2026-04-29 11:00:24",5e509df06656ea5c7732dd0f0414fa56b365ebcbdede96a8434d1b940d936753
"Museums.qmd",3275,"2026-04-29 11:00:24",276a7ef34fa312c7e831ab8b87302fbb913ea09175304a1312f568b3ca62a097
"Museums.shp",4356,"2026-04-29 11:00:23",e201d3f8cdccb704ab307facbbf430222c9a091ebb74abec2dac5cde09554867
"Museums.shx",1316,"2026-04-29 11:00:23",829bb061cfdb95e4fc19f161be4b5dd10d2933e94a5992f082f33704cc736826
"NA.cpg",12,"2026-04-29 11:00:23",5cfde86a4658ac5382cf3265e761545648965fbef3fc915d9f99ed31657e3522
"NA.cst",12,"2026-04-29 11:00:24",5cfde86a4658ac5382cf3265e761545648965fbef3fc915d9f99ed31657e3522
"NA.dbf",1177470,"2026-04-29 11:00:24",2e4b4ba66dff6baa72ac206b9e4aa8a0c9fb57b8986282ef4b61d8c6e156dccf
"NA.idm",217,"2026-04-29 11:00:24",2057ff5b394ca3d2309f135ff4a118d5b1d417d8dd96966584b634e113feea48
"NA.ind",83456,"2026-04-29 11:00:24",f9dfef8fb15687733279344e78a221e773c7b7ce30bfd82d4845f61c08f9340c
"NA.prj",735,"2026-04-29 11:00:25",3cd7c6924e5ba06b42bf094477d160fabe54ac62db3d717b84bb03e860b69e4b
"NA.shp",26267276,"2026-04-29 11:00:25",0cae74cf42d96b1c28720fd31a428ec993b3f08bbc4c8133422441e50807df90
"NA.shp.NA.vrt",1003,"2026-04-29 11:00:24",1a8ec310b086f643aaa34b20ce98917175840cb83a73a4c2ab4e4be3102f77eb
"NA.shx",48388,"2026-04-29 11:00:24",6830712d9b9514b0d7df7917b821c7322b97474c071c6928c47d53198939abdd
"Nursing_home.cpg",5,"2026-04-29 11:00:26",3ad3031f5503a4404af825262ee8232cc04d4ea6683d42c5dd0a2f2a27ac9824
"Nursing_home.dbf",742,"2026-04-29 11:00:26",b264fd8604ba582bcf3346c70da8f771c03cee565de1831cae7a67637672afd7
"Nursing_home.prj",447,"2026-04-29 11:00:26",5e509df06656ea5c7732dd0f0414fa56b365ebcbdede96a8434d1b940d936753
"Nursing_home.qmd",3252,"2026-04-29 11:00:26",ebef784573cf1258ffd1618a2c9cd3afca61d77e0dc25e90c1f98245325556e8
"Nursing_home.shp",212,"2026-04-29 11:00:26",e79a56a11129887ce1467ef3b8ef8f78a1c9ee709535da36f9245a0eacb23fa2
"Nursing_home.shx",132,"2026-04-29 11:00:26",f1f12b10781a807b10b66b67c320f242692291f43f667a5a733c147c94b49e9f
"OB.cpg",12,"2026-04-29 11:00:27",5cfde86a4658ac5382cf3265e761545648965fbef3fc915d9f99ed31657e3522
"OB.cst",12,"2026-04-29 11:00:27",5cfde86a4658ac5382cf3265e761545648965fbef3fc915d9f99ed31657e3522
"OB.dbf",29674,"2026-04-29 11:00:27",958a6199cb729a7f2b03d1d6473d40574b7552e7144e1628d387751ec99158c3
"OB.prj",735,"2026-04-29 11:00:27",3cd7c6924e5ba06b42bf094477d160fabe54ac62db3d717b84bb03e860b69e4b
"OB.shp",7685256,"2026-04-29 11:00:27",aed546f45c47c2e4cbc4597574f1de2b7c77b967c9d705775647c1d973a4e727
"OB.shp.OB.vrt",942,"2026-04-29 11:00:27",b9587d01cf6a49349f31461c1b97dba92dc1f6c0b55e2cacd269dfe0bea59ab2
"OB.shx",1796,"2026-04-29 11:00:27",2aebf55804d2e7ec76364690a93c98e38616bc7799a6528899e19fac3e6ec286
"Outdoor_shop.cpg",5,"2026-04-29 11:00:32",3ad3031f5503a4404af825262ee8232cc04d4ea6683d42c5dd0a2f2a27ac9824
"Outdoor_shop.dbf",2627,"2026-04-29 11:00:32",8b52284ac7cca0744cb060fbbb8a793eb7f1d9d5d95ed096169e511b57324ec4
"Outdoor_shop.prj",447,"2026-04-29 11:00:32",5e509df06656ea5c7732dd0f0414fa56b365ebcbdede96a8434d1b940d936753
"Outdoor_shop.qmd",3252,"2026-04-29 11:00:32",ebef784573cf1258ffd1618a2c9cd3afca61d77e0dc25e90c1f98245325556e8
"Outdoor_shop.shp",576,"2026-04-29 11:00:32",2682b26861ec0da69691884144cbefa6bfd1f146c9a3b491a1ae8042a313b41c
"Outdoor_shop.shx",236,"2026-04-29 11:00:32",f9ed89995cacc5054c7a9ddbcdf034dd7c7204667c9bdc4a379bd61b8f34b5dd
"Parkings.cpg",5,"2026-04-29 11:00:32",3ad3031f5503a4404af825262ee8232cc04d4ea6683d42c5dd0a2f2a27ac9824
"Parkings.dbf",446359,"2026-04-29 11:00:32",b05e35ea1344da6d43372104a396b1445f7f9770f18830faac25ffbf8b666ddb
"Parkings.prj",447,"2026-04-29 11:00:32",5e509df06656ea5c7732dd0f0414fa56b365ebcbdede96a8434d1b940d936753
"Parkings.qmd",680,"2026-04-29 11:00:32",52852542b66085c1465bb246f901a5a682d3f64225e64487a45dde7ec2492fa7
"Parkings.shp",36472,"2026-04-29 11:00:33",b4b9a2f3c525aac9ea17b711192726075535271cbffc81e5a102a0a40740084f
"Parkings.shx",10492,"2026-04-29 11:00:33",9fe036aab957590d4240f2690d9386f1104b7b7b22f3c5d63716879e8e17d189
"Parks.cpg",5,"2026-04-29 11:00:33",3ad3031f5503a4404af825262ee8232cc04d4ea6683d42c5dd0a2f2a27ac9824
"Parks.dbf",81942,"2026-04-29 11:00:34",7d37c48b2f768e2b740538c65d2607f38c869da0fbc5a0bc6ae2e1fc9d6476d9
"Parks.prj",447,"2026-04-29 11:00:33",5e509df06656ea5c7732dd0f0414fa56b365ebcbdede96a8434d1b940d936753
"Parks.qmd",1645,"2026-04-29 11:00:33",f1a030dfd3efbfd03e1ca0a9acb61cc8418cd39e48df5771ce5b3f6ac9536f7b
"Parks.shp",15892,"2026-04-29 11:00:33",2df1a76ca03eb2493e32227274e5bed80011beef51eb75283eb4c2c2f4c2fc21
"Parks.shx",4612,"2026-04-29 11:00:33",a42abb871a262b14ff2f3c3371514ffcab32a45f0edd80c19feee122a2c2cb12
"Playgrounds.cpg",5,"2026-04-29 11:00:33",3ad3031f5503a4404af825262ee8232cc04d4ea6683d42c5dd0a2f2a27ac9824
"Playgrounds.dbf",25972,"2026-04-29 11:00:34",1c2adec8c3ec17108e7472ea5f405af6120090a5468f11b048b8ba69dc410734
"Playgrounds.prj",447,"2026-04-29 11:00:34",5e509df06656ea5c7732dd0f0414fa56b365ebcbdede96a8434d1b940d936753
"Playgrounds.qmd",3299,"2026-04-29 11:00:34",bfb42fc8e9dd23bef33f5aaa900d2332830d4bca3b1909a73bdecd9e074a9a14
"Playgrounds.shp",5084,"2026-04-29 11:00:34",c46ebd43862408a92aa73b26ed9c37c811aa95ad9ed891d1486c3dbeabc95e83
"Playgrounds.shx",1524,"2026-04-29 11:00:34",df48166f168f74d157085d051c99d8cca7181cf3ff8c09b1fdd3a1fd60e14e3e
"Police_stations.cpg",5,"2026-04-29 11:00:34",3ad3031f5503a4404af825262ee8232cc04d4ea6683d42c5dd0a2f2a27ac9824
"Police_stations.dbf",5817,"2026-04-29 11:00:34",7d09eb09b3e7c7f3c90d115961886dfec8f16e82ba11d1d576ca80fe6fdca4e5
"Police_stations.prj",447,"2026-04-29 11:00:34",5e509df06656ea5c7732dd0f0414fa56b365ebcbdede96a8434d1b940d936753
"Police_stations.qmd",3299,"2026-04-29 11:00:34",1f2e5e55e6f67fcbb32cf19af844e71984e5c8476798ec333d1d9078aa10f5a9
"Police_stations.shp",1192,"2026-04-29 11:00:34",426d9a9bbf0fcebdb2ae75e104c8b0ad421ff22c8944aba01c2c861a8a93348e
"Police_stations.shx",412,"2026-04-29 11:00:34",ed9a34f69b8bb39cbea28d781a8cf08796e5dbf885935442479a08c31986a26a
"Private_schools.cpg",5,"2026-04-29 11:00:36",3ad3031f5503a4404af825262ee8232cc04d4ea6683d42c5dd0a2f2a27ac9824
"Private_schools.dbf",14517,"2026-04-29 11:00:36",eafaf24ce76cca701c3d3854cd7d889aae42c5c464942427bb1dc9df8801b067
"Private_schools.prj",447,"2026-04-29 11:00:37",5e509df06656ea5c7732dd0f0414fa56b365ebcbdede96a8434d1b940d936753
"Private_schools.qmd",3271,"2026-04-29 11:00:37",8eb936644474a0d2854745da5ead133166ffe6d4e0207df18976e80a518d6532
"Private_schools.shp",2872,"2026-04-29 11:00:37",81bd8cca62ca3b9d09eefe4163c42461d0ad45626bd11b222b058b30498dd5b8
"Private_schools.shx",892,"2026-04-29 11:00:37",0c323c558027b29c10e60501861cae0821614a21265b51478c129f438d58cf77
"Public_toilet.cpg",5,"2026-04-29 11:00:37",3ad3031f5503a4404af825262ee8232cc04d4ea6683d42c5dd0a2f2a27ac9824
"Public_toilet.dbf",77157,"2026-04-29 11:00:38",5062f49c1f19c14950ab066735c9dd034b838c3a20f918b3dbacfce4938781d5
"Public_toilet.prj",447,"2026-04-29 11:00:37",5e509df06656ea5c7732dd0f0414fa56b365ebcbdede96a8434d1b940d936753
"Public_toilet.qmd",3252,"2026-04-29 11:00:37",ebef784573cf1258ffd1618a2c9cd3afca61d77e0dc25e90c1f98245325556e8
"Public_toilet.shp",14968,"2026-04-29 11:00:37",9661a1b8fcb74baeb2a5ba621696ba34efed5fb0ca27cbb449caed0ef3385308
"Public_toilet.shx",4348,"2026-04-29 11:00:37",38bb4eb7cac1ef71dec678c24c336c6cdb049f7cf460f65b2c57006bd381a8f5
"Railway_Stations.cpg",5,"2026-04-29 11:00:39",3ad3031f5503a4404af825262ee8232cc04d4ea6683d42c5dd0a2f2a27ac9824
"Railway_Stations.dbf",40182,"2026-04-29 11:00:39",1f3a66fcbbde1ac8e4dc590630c7c0b81fafe48a502176f9ea958451ec044141
"Railway_Stations.prj",447,"2026-04-29 11:00:39",5e509df06656ea5c7732dd0f0414fa56b365ebcbdede96a8434d1b940d936753
"Railway_Stations.qmd",3285,"2026-04-29 11:00:39",b6126537be8cd8c096638c34c80c7d9e31ee39163f3385c96e559fa22b455bf6
"Railway_Stations.shp",7828,"2026-04-29 11:00:39",3cdfe3ccc4f574b8fcd72ede20fa82316c4ee9cd855f80690f6a96b7be953f6a
"Railway_Stations.shx",2308,"2026-04-29 11:00:39",ede449c618d4029ab9304d57ac0589ec69cbda746789ed56fae14338d49be058
"Railways.cpg",5,"2026-04-29 11:00:38",3ad3031f5503a4404af825262ee8232cc04d4ea6683d42c5dd0a2f2a27ac9824
"Railways.dbf",2095632,"2026-04-29 11:00:38",519852d059f398f0d1e29484b8237fa8461790077ec2dc1f9f96ce76baf21216
"Railways.prj",447,"2026-04-29 11:00:38",5e509df06656ea5c7732dd0f0414fa56b365ebcbdede96a8434d1b940d936753
"Railways.qmd",3059,"2026-04-29 11:00:38",7c07a7dc3749b1d0d7140930199743e47d69eef86189b130972e9d0aaeb14ab7
"Railways.shp",3121444,"2026-04-29 11:00:38",cd70a37755eb42335d4ab8ecd5d93296417252ec48aa7fd6dd2e5d8acfa63a1b
"Railways.shx",54876,"2026-04-29 11:00:39",44ae28b88175faf4367b2cfc3c6defcca385b7ff2033f63d66845dacbd32fcde
"Railways_Dissolve.cpg",5,"2026-04-29 11:00:38",3ad3031f5503a4404af825262ee8232cc04d4ea6683d42c5dd0a2f2a27ac9824
"Railways_Dissolve.dbf",30422,"2026-04-29 11:00:38",44f5b63c6d5acf18d6c62aa71110966418d7a021e627485e6a412a7f597b624d
"Railways_Dissolve.prj",447,"2026-04-29 11:00:38",5e509df06656ea5c7732dd0f0414fa56b365ebcbdede96a8434d1b940d936753
"Railways_Dissolve.qmd",680,"2026-04-29 11:00:39",52852542b66085c1465bb246f901a5a682d3f64225e64487a45dde7ec2492fa7
"Railways_Dissolve.shp",2612056,"2026-04-29 11:00:39",e580c9f61c53da06b2078385106a799ce7087f1ae772b24753dc77a46d9093d2
"Railways_Dissolve.shx",1012,"2026-04-29 11:00:39",53abb39ee523f26eb3dd85cfa8fc66be896705f5c1214ebf62068dd64af73d78
"Recycle_Bins.cpg",5,"2026-04-29 11:00:39",3ad3031f5503a4404af825262ee8232cc04d4ea6683d42c5dd0a2f2a27ac9824
"Recycle_Bins.dbf",9873391,"2026-04-29 11:00:41",8734f076db75cf0e6e49b75538f911d130e2f550613a57c06fc979bc5b6f4070
"Recycle_Bins.prj",447,"2026-04-29 11:00:40",5e509df06656ea5c7732dd0f0414fa56b365ebcbdede96a8434d1b940d936753
"Recycle_Bins.qmd",2011,"2026-04-29 11:00:40",39de7f98471ec61838f2df4664cbcd611125760f8fa6889a7f74cfdc9a1a1f3d
"Recycle_Bins.shp",147880,"2026-04-29 11:00:40",107f45bec540b8be1b0b6c6e4a2fd52c20cb5e5f7b2574e9b30e02397b7ef552
"Recycle_Bins.shx",32940,"2026-04-29 11:00:40",3c1e47b304231876d80d63f91517cfeb949b71d846a1aa677c7412d4b9857386
"Religious_buildings.cpg",5,"2026-04-29 11:00:40",3ad3031f5503a4404af825262ee8232cc04d4ea6683d42c5dd0a2f2a27ac9824
"Religious_buildings.dbf",10312,"2026-04-29 11:00:40",68283711dd31c404c7efdcb8a9036b582cf606380c6603b8d2bbd62d29286554
"Religious_buildings.prj",447,"2026-04-29 11:00:40",5e509df06656ea5c7732dd0f0414fa56b365ebcbdede96a8434d1b940d936753
"Religious_buildings.qmd",1639,"2026-04-29 11:00:41",59cd2ce035eda940eabd204b493a42cfdef31561969d6b7f82c746c984341d0a
"Religious_buildings.shp",2060,"2026-04-29 11:00:41",feb8cd211f4dd8b228227a1fc1c8bad809f5574f7bdf6ce2160c86b0941cc53e
"Religious_buildings.shx",660,"2026-04-29 11:00:41",1d29a07f6401c7e8a0dc115da7c9e11361fe874b79ab2a8656cd239010f52478
"Restaurants.cpg",5,"2026-04-29 11:00:42",3ad3031f5503a4404af825262ee8232cc04d4ea6683d42c5dd0a2f2a27ac9824
"Restaurants.dbf",257537,"2026-04-29 11:00:41",5d107ae62827229c2b6a679fc39966084ca86cce7be10b96e4faf48935a924fa
"Restaurants.prj",447,"2026-04-29 11:00:41",5e509df06656ea5c7732dd0f0414fa56b365ebcbdede96a8434d1b940d936753
"Restaurants.qmd",3287,"2026-04-29 11:00:41",25fd463a0114adff6765ada7550033549abb5f581ab0a6e38fda0f6769355401
"Restaurants.shp",49800,"2026-04-29 11:00:41",369191c29898a76196f29cd1eca3f962bdbda944a9bcd75fe153b031d390c780
"Restaurants.shx",14300,"2026-04-29 11:00:41",2c4013715afd6fe3860ac6cd524a87b464c165c048a76d9cbffbbdf3f3574b85
"Roads.cpg",5,"2026-04-29 11:00:42",3ad3031f5503a4404af825262ee8232cc04d4ea6683d42c5dd0a2f2a27ac9824
"Roads.dbf",3204907,"2026-04-29 11:00:42",c8f4d56c2cce4cc3217ed4012f5152f420bbd8f0b597e6a6a489aad6b97a7f26
"Roads.prj",447,"2026-04-29 11:00:42",5e509df06656ea5c7732dd0f0414fa56b365ebcbdede96a8434d1b940d936753
"Roads.qmd",680,"2026-04-29 11:00:42",52852542b66085c1465bb246f901a5a682d3f64225e64487a45dde7ec2492fa7
"Roads.shp",1365948,"2026-04-29 11:00:43",940cd2ec55e4c0d8104172e86944655182d8ddafdaa98e114f9ddfdba7f728bc
"Roads.shx",58764,"2026-04-29 11:00:43",f2da99a732b1c65d374f943768d37cceddc34894456f0cc7da6a7186811b1ae6
"Roads_Dissolve.cpg",5,"2026-04-29 11:00:42",3ad3031f5503a4404af825262ee8232cc04d4ea6683d42c5dd0a2f2a27ac9824
"Roads_Dissolve.dbf",17388,"2026-04-29 11:00:42",47db51b1a5b72fe15e761f750a7d7dd03a11ca41704b7bd8d267b66beca7d9cd
"Roads_Dissolve.prj",447,"2026-04-29 11:00:42",5e509df06656ea5c7732dd0f0414fa56b365ebcbdede96a8434d1b940d936753
"Roads_Dissolve.qmd",680,"2026-04-29 11:00:42",52852542b66085c1465bb246f901a5a682d3f64225e64487a45dde7ec2492fa7
"Roads_Dissolve.shp",1356264,"2026-04-29 11:00:43",df5ba6445f29882abb7e69a608de7ec1b03cb7c66c50373d8ead08d4c20ee401
"Roads_Dissolve.shx",620,"2026-04-29 11:00:43",40f9261d99d2d9282ba6afde657e05abdb6d6103a0649dc82db82eaeb3d5c643
"Roads_Mot.cpg",5,"2026-04-29 11:00:43",3ad3031f5503a4404af825262ee8232cc04d4ea6683d42c5dd0a2f2a27ac9824
"Roads_Mot.dbf",421803,"2026-04-29 11:00:43",d8c04c61a9508b3496c344fdd209337f494956a079ef03a93129e79233812fb8
"Roads_Mot.prj",447,"2026-04-29 11:00:44",5e509df06656ea5c7732dd0f0414fa56b365ebcbdede96a8434d1b940d936753
"Roads_Mot.qmd",3252,"2026-04-29 11:00:43",1000e34e2321402d400637d4b54292aa6c9e430c1e8c5c9231c01d206c62f4ac
"Roads_Mot.shp",390844,"2026-04-29 11:00:43",7a74211f1e408614e3013f16d99d13b5accf6938ac9734978cf7ea6791d37edc
"Roads_Mot.shx",18524,"2026-04-29 11:00:43",3d13266515795f3131344237f957af1685fe9a58d9a2b4a55be5c4767cb4f8f7
"Roads_Pri.cpg",5,"2026-04-29 11:00:43",3ad3031f5503a4404af825262ee8232cc04d4ea6683d42c5dd0a2f2a27ac9824
"Roads_Pri.dbf",920844,"2026-04-29 11:00:44",a154a3b572d873736f57b15942d865dee82fd9919411b539f644bcc5181a6b00
"Roads_Pri.prj",447,"2026-04-29 11:00:44",5e509df06656ea5c7732dd0f0414fa56b365ebcbdede96a8434d1b940d936753
"Roads_Pri.qmd",3252,"2026-04-29 11:00:44",1000e34e2321402d400637d4b54292aa6c9e430c1e8c5c9231c01d206c62f4ac
"Roads_Pri.shp",975204,"2026-04-29 11:00:44",ef7e2318643ba20c8cb3d73798e2171684a6795a754e4c37c5a4675415e38969
"Roads_Pri.shx",40340,"2026-04-29 11:00:44",295c353635e6e908fcf84663f98e68779984cb1c1325085bbe45e7230bc35335
"School_of_arts.cpg",5,"2026-04-29 11:00:45",3ad3031f5503a4404af825262ee8232cc04d4ea6683d42c5dd0a2f2a27ac9824
"School_of_arts.dbf",4416,"2026-04-29 11:00:45",5e8cc024bc43ede4c4f5370fa5977d9669d9e50f4180c83803b10d271d476a0a
"School_of_arts.prj",447,"2026-04-29 11:00:45",5e509df06656ea5c7732dd0f0414fa56b365ebcbdede96a8434d1b940d936753
"School_of_arts.qmd",1624,"2026-04-29 11:00:45",c870cc909a09a9b08d626c448e1b4aa839a39c872c6d6efade390c29c73fab51
"School_of_arts.shp",380,"2026-04-29 11:00:45",8a578c294afd6a371bee7e1fff3632624a5dc692e0710971e10ca31b4a5bc313
"School_of_arts.shx",180,"2026-04-29 11:00:45",3551a1df1b71b5bd5720d637ca8d24989e0acbd485934c39ca5b5967a6eb5a31
"School_of_music.cpg",5,"2026-04-29 11:00:45",3ad3031f5503a4404af825262ee8232cc04d4ea6683d42c5dd0a2f2a27ac9824
"School_of_music.dbf",4416,"2026-04-29 11:00:45",ceb8ef8f26988cace552e512d84e1891dadd0e601da551e4af542620923fcd0b
"School_of_music.prj",447,"2026-04-29 11:00:46",5e509df06656ea5c7732dd0f0414fa56b365ebcbdede96a8434d1b940d936753
"School_of_music.qmd",1624,"2026-04-29 11:00:46",c870cc909a09a9b08d626c448e1b4aa839a39c872c6d6efade390c29c73fab51
"School_of_music.shp",380,"2026-04-29 11:00:46",f5770c514c29c2e402ef031732f860e45a117d99787d734b2234c761a2a2e5e0
"School_of_music.shx",180,"2026-04-29 11:00:47",87625758274b658bd59b1e5b6c116b36ed1bad82d11cd022f96a5711c7a83786
"Shoping_Malls.cpg",5,"2026-04-29 11:00:47",3ad3031f5503a4404af825262ee8232cc04d4ea6683d42c5dd0a2f2a27ac9824
"Shoping_Malls.dbf",20027,"2026-04-29 11:00:47",6e47dda9ccefba574a4178f7804cf57211e454d1ee49a686134a6d7a98d13c44
"Shoping_Malls.prj",447,"2026-04-29 11:00:46",5e509df06656ea5c7732dd0f0414fa56b365ebcbdede96a8434d1b940d936753
"Shoping_Malls.qmd",680,"2026-04-29 11:00:46",52852542b66085c1465bb246f901a5a682d3f64225e64487a45dde7ec2492fa7
"Shoping_Malls.shp",3936,"2026-04-29 11:00:46",9f5cfaf5618103da595e76be012b9a5f98e7540d29e033b8a96a60ebc6e1fa5f
"Shoping_Malls.shx",1196,"2026-04-29 11:00:46",2761c5ba229e5eb1c540de448993c4bc5f0034d386a9f24949d117d563d4117e
"Slovenia.cpg",4,"2026-05-22 13:38:18",dfcafae694259c719203dd502252ab975bf6849dc6c8f5fcbe1eda19a821db4d
"Slovenia.dbf",697,"2026-05-22 13:38:18",5a6dee8f771eccda8a069b322d157112d3521b32d3f91d3e1e893bc336aad228
"Slovenia.prj",447,"2026-05-22 13:38:18",5e509df06656ea5c7732dd0f0414fa56b365ebcbdede96a8434d1b940d936753
"Slovenia.shp",926188,"2026-05-22 13:38:18",0b2d63af6b83c96d6e65118e6d4328aa1c3007230f1007b3aaf3e5b887cc775b
"Slovenia.shx",108,"2026-05-22 13:38:18",039bf81975af0b50168fb615c207a5e94333b6a965bf12da15c83e331a344015
"Sport_shops.cpg",5,"2026-04-29 11:00:48",3ad3031f5503a4404af825262ee8232cc04d4ea6683d42c5dd0a2f2a27ac9824
"Sport_shops.dbf",29452,"2026-04-29 11:00:48",f18af97b9f5c2a76c6c38b74110ee70015d116525484020e1aba64607ddf667e
"Sport_shops.prj",447,"2026-04-29 11:00:48",5e509df06656ea5c7732dd0f0414fa56b365ebcbdede96a8434d1b940d936753
"Sport_shops.qmd",3295,"2026-04-29 11:00:48",2189a27e0867aef303ddd33fb0ba980e02564b4316ec1c84734417fe7a5753b3
"Sport_shops.shp",5756,"2026-04-29 11:00:48",c7d50fbae3c348ee904be7d48283a4279bef0113024ffb430924863990a4ff4a
"Sport_shops.shx",1716,"2026-04-29 11:00:49",4dd7043b7602c3b72467a6434380c4e3c49bbcdcb48dafa7073685add6d4cc06
"Sports_hall.cpg",5,"2026-04-29 11:00:47",3ad3031f5503a4404af825262ee8232cc04d4ea6683d42c5dd0a2f2a27ac9824
"Sports_hall.dbf",8862,"2026-04-29 11:00:48",271c1e53d4a1a096bd1e26aa625aa76951ac580ef0ba34ce824d683cf8ab71fe
"Sports_hall.prj",447,"2026-04-29 11:00:48",5e509df06656ea5c7732dd0f0414fa56b365ebcbdede96a8434d1b940d936753
"Sports_hall.qmd",680,"2026-04-29 11:00:48",52852542b66085c1465bb246f901a5a682d3f64225e64487a45dde7ec2492fa7
"Sports_hall.shp",1780,"2026-04-29 11:00:48",dd2d845e096a3fc133fd49c3d340f0dec24c802b9e5ba5b001092cf8603eee6e
"Sports_hall.shx",580,"2026-04-29 11:00:48",74e8780801ed7bb88cd7e48752a2d51d7338fa18e7029d406c8645f77954d06e
"Stadiums.cpg",5,"2026-04-29 11:00:50",3ad3031f5503a4404af825262ee8232cc04d4ea6683d42c5dd0a2f2a27ac9824
"Stadiums.dbf",8572,"2026-04-29 11:00:50",7569fe20d6399c49d5e32a8f4e98ba55f8f0044f7269112245e589076f4fc88d
"Stadiums.prj",447,"2026-04-29 11:00:50",5e509df06656ea5c7732dd0f0414fa56b365ebcbdede96a8434d1b940d936753
"Stadiums.qmd",680,"2026-04-29 11:00:50",52852542b66085c1465bb246f901a5a682d3f64225e64487a45dde7ec2492fa7
"Stadiums.shp",1724,"2026-04-29 11:00:50",28c7c74c8ded356c7add33ee4f45262ec3e75457cbaeef3d8a200dfcbf561fc8
"Stadiums.shx",564,"2026-04-29 11:00:50",76209d6b6a116ae40763c43fa51b22f7018244aa83ca62f4d645afce403b439b
"Statistical_Regions_Points.cpg",5,"2026-04-29 11:00:50",3ad3031f5503a4404af825262ee8232cc04d4ea6683d42c5dd0a2f2a27ac9824
"Statistical_Regions_Points.dbf",1594,"2026-04-29 11:00:50",4cb9104623dee2d991966a3c6a09d796d55d24580c297dad89b39f6f109666b8
"Statistical_Regions_Points.prj",447,"2026-04-29 11:00:50",5e509df06656ea5c7732dd0f0414fa56b365ebcbdede96a8434d1b940d936753
"Statistical_Regions_Points.qmd",3560,"2026-04-29 11:00:50",46ae06e4564cb2293a95590565ead9a9c3ac706ca19fcfa03079098c0989a14d
"Statistical_Regions_Points.shp",436,"2026-04-29 11:00:51",6ffd50b9ec3808767f26fdd2b895079239c30206a4913f7d342d4a8c0eb60f03
"Statistical_Regions_Points.shx",196,"2026-04-29 11:00:51",ccd3170762ca2be345c9d9c21ca0ac5cfe2b1c667d93e04cbca264209d6bc181
"Supermarkets.cpg",5,"2026-04-29 11:00:53",3ad3031f5503a4404af825262ee8232cc04d4ea6683d42c5dd0a2f2a27ac9824
"Supermarkets.dbf",57582,"2026-04-29 11:00:53",436a9d2134f103da5057804fd6d01695b9739d33646ae1d6efdf4757ccd76f98
"Supermarkets.prj",447,"2026-04-29 11:00:53",5e509df06656ea5c7732dd0f0414fa56b365ebcbdede96a8434d1b940d936753
"Supermarkets.qmd",3287,"2026-04-29 11:00:53",f8dc1313f084c90cebf1b6ec5ae1e39a8bf2f8daf616410e3423ae52ff76bd62
"Supermarkets.shp",11188,"2026-04-29 11:00:53",ea6f157226e6aca0322aa2b746a54053bc1a3f1cf496734b09ea499059bc1019
"Supermarkets.shx",3268,"2026-04-29 11:00:53",a49ea7e61707e52234fea6e2cb94b25313b999bea1fe7766626761ebe5823c44
"Swimming_pool.cpg",5,"2026-04-29 11:00:53",3ad3031f5503a4404af825262ee8232cc04d4ea6683d42c5dd0a2f2a27ac9824
"Swimming_pool.dbf",2482,"2026-04-29 11:00:53",fe3512c19e53fa357879d01ccb7ce814f14b1fee3a275df2be1038a32f632d5e
"Swimming_pool.prj",447,"2026-04-29 11:00:53",5e509df06656ea5c7732dd0f0414fa56b365ebcbdede96a8434d1b940d936753
"Swimming_pool.qmd",3252,"2026-04-29 11:00:53",ebef784573cf1258ffd1618a2c9cd3afca61d77e0dc25e90c1f98245325556e8
"Swimming_pool.shp",548,"2026-04-29 11:00:53",a6769b9a30633121a785d860deadb380046275a75396fa0c1d4db119d178579d
"Swimming_pool.shx",228,"2026-04-29 11:00:54",e5677496b7d419d3bbf7448f9dcf8e65d150aabe465f4561c227518b85e828b4
"Theaters.cpg",5,"2026-04-29 11:00:54",3ad3031f5503a4404af825262ee8232cc04d4ea6683d42c5dd0a2f2a27ac9824
"Theaters.dbf",3497,"2026-04-29 11:00:54",13819129ab41a2bc37c89f02aca5acffba06a1f6ff81b0f33a4387aa7db5b6b2
"Theaters.prj",447,"2026-04-29 11:00:54",5e509df06656ea5c7732dd0f0414fa56b365ebcbdede96a8434d1b940d936753
"Theaters.qmd",3283,"2026-04-29 11:00:55",4e1da126b3b91c3e97b2282431abae792b871d413bc9a0389e0fea694312d7a0
"Theaters.shp",744,"2026-04-29 11:00:54",e0488f689319370d6fa89ad6e0611c6749ebbe8228c5c3a01891f21e40c4183c
"Theaters.shx",284,"2026-04-29 11:00:54",1943b127c9ae79c59f372d542d234582d70747fb93f65d46b665842ec9bfad86
"Thematic_Shops.cpg",5,"2026-04-29 11:00:54",3ad3031f5503a4404af825262ee8232cc04d4ea6683d42c5dd0a2f2a27ac9824
"Thematic_Shops.dbf",51492,"2026-04-29 11:00:54",bc30d70a7c1bb7435e9f45e29f37f64060877b0f7ae67ea8d4c08c1fa4ea6fab
"Thematic_Shops.prj",447,"2026-04-29 11:00:54",5e509df06656ea5c7732dd0f0414fa56b365ebcbdede96a8434d1b940d936753
"Thematic_Shops.qmd",3297,"2026-04-29 11:00:55",cab8c1e184d01b300902df23240aa642741fd11e3ea0024f84a46e28f5435997
"Thematic_Shops.shp",10012,"2026-04-29 11:00:55",29dbb93fdf948a23e155dcee884cc399a93a89850ff65291af0ac893c20c7b55
"Thematic_Shops.shx",2932,"2026-04-29 11:00:55",bc8d0eb3f8cadb5c50cb285562c4d6553988c515d7fc2b55d71d046800e4d4d9
"Tourist_info_points.cpg",5,"2026-04-29 11:00:55",3ad3031f5503a4404af825262ee8232cc04d4ea6683d42c5dd0a2f2a27ac9824
"Tourist_info_points.dbf",1250062,"2026-04-29 11:00:55",9abc91f699801b20df815a06b6d3759d8cef02ab9bd1a4e8a52d7ef52ae803d7
"Tourist_info_points.prj",447,"2026-04-29 11:00:55",5e509df06656ea5c7732dd0f0414fa56b365ebcbdede96a8434d1b940d936753
"Tourist_info_points.qmd",3303,"2026-04-29 11:00:55",a8e907b616098b089576c4caea061f0a8656587478fe2e4eda1c15d1143d5b03
"Tourist_info_points.shp",241460,"2026-04-29 11:00:55",2eb42049205bfd274a524254bd449395005ee3f18f7b093316407ee148471d36
"Tourist_info_points.shx",69060,"2026-04-29 11:00:55",9bdfeb56473bf010d963826df00b3187abcd66cd3bf3cb668ed28a6242df131c
"Town_hall.cpg",5,"2026-04-29 11:00:55",3ad3031f5503a4404af825262ee8232cc04d4ea6683d42c5dd0a2f2a27ac9824
"Town_hall.dbf",10022,"2026-04-29 11:00:56",c84baf1cc723d852f297baa613909a0348fe6da73e534182e870812106f4c19b
"Town_hall.prj",447,"2026-04-29 11:00:56",5e509df06656ea5c7732dd0f0414fa56b365ebcbdede96a8434d1b940d936753
"Town_hall.qmd",3252,"2026-04-29 11:00:56",ebef784573cf1258ffd1618a2c9cd3afca61d77e0dc25e90c1f98245325556e8
"Town_hall.shp",2004,"2026-04-29 11:00:56",f2addda295038757fc00c79b5213bf59df935e24b40e68df5bf8c48a6bf68c80
"Town_hall.shx",644,"2026-04-29 11:00:56",6ed397b572b7800c833d9cf8c0b5c310e3a6ca95ae55ca458a11f485aeabadec
"Travel_agencies.cpg",5,"2026-04-29 11:00:56",3ad3031f5503a4404af825262ee8232cc04d4ea6683d42c5dd0a2f2a27ac9824
"Travel_agencies.dbf",5248,"2026-04-29 11:00:56",b365552db4d73f24a2d0d2e7c9a570d01cfda0e2b837584510a3de304663a5be
"Travel_agencies.prj",447,"2026-04-29 11:00:56",5e509df06656ea5c7732dd0f0414fa56b365ebcbdede96a8434d1b940d936753
"Travel_agencies.qmd",1624,"2026-04-29 11:00:56",c870cc909a09a9b08d626c448e1b4aa839a39c872c6d6efade390c29c73fab51
"Travel_agencies.shp",380,"2026-04-29 11:00:57",e85896a26ab52a50288dc54043d3b3eb163c6482d4fec7f79ee1eb72b87679b5
"Travel_agencies.shx",180,"2026-04-29 11:00:57",f31cfa271b17f10e172f5d51e9f82c4f2c823be06db6b162528a82d1443af65c
"Vending_Parking.cpg",5,"2026-04-29 11:00:59",3ad3031f5503a4404af825262ee8232cc04d4ea6683d42c5dd0a2f2a27ac9824
"Vending_Parking.dbf",58597,"2026-04-29 11:00:59",28a0aa9bb2d37df90ad87d53ffce1e4d358bbbfbd541bf3e5847c4b19be47c7e
"Vending_Parking.prj",447,"2026-04-29 11:01:00",5e509df06656ea5c7732dd0f0414fa56b365ebcbdede96a8434d1b940d936753
"Vending_Parking.qmd",3252,"2026-04-29 11:00:59",ebef784573cf1258ffd1618a2c9cd3afca61d77e0dc25e90c1f98245325556e8
"Vending_Parking.shp",11384,"2026-04-29 11:00:59",61a9481bd8b4214c85d11435652199a436fb4dba24870a004609be98062f7cfb
"Vending_Parking.shx",3324,"2026-04-29 11:00:59",f04e9d7bf231d630fd7e37a443a87d8865e1ff8225cc24c98abd19a2fb283ed5
"Veterinarian_Offices.cpg",5,"2026-04-29 11:00:59",3ad3031f5503a4404af825262ee8232cc04d4ea6683d42c5dd0a2f2a27ac9824
"Veterinarian_Offices.dbf",4947,"2026-04-29 11:01:00",ea5bdf4115b1ad0374d680c07ea6cc5e8abecfb3e9c4c4a2f58b2e60e8128b61
"Veterinarian_Offices.prj",447,"2026-04-29 11:01:00",5e509df06656ea5c7732dd0f0414fa56b365ebcbdede96a8434d1b940d936753
"Veterinarian_Offices.qmd",1657,"2026-04-29 11:01:00",a8780f4cdcdd04e04ed0689170add1d609716a0329cec46780dac4600ff7c751
"Veterinarian_Offices.shp",1024,"2026-04-29 11:01:00",4eeaf8b7b0821d3d4f8922264176768ea47f7e791f97c68d4e5f8f7e05d18ded
"Veterinarian_Offices.shx",364,"2026-04-29 11:01:00",90360ebace321bb89f2ec7654a3d266a2b3b5f6ef952f1d333808441a4e332ca
"Villages_Point.cpg",5,"2026-04-29 11:01:01",3ad3031f5503a4404af825262ee8232cc04d4ea6683d42c5dd0a2f2a27ac9824
"Villages_Point.dbf",495114,"2026-04-29 11:01:00",43e7883dbaa8c53c1b8d2836ef5f0fe7c66c4f25170a0fdb340a2e1c0bd733cf
"Villages_Point.prj",447,"2026-04-29 11:01:00",5e509df06656ea5c7732dd0f0414fa56b365ebcbdede96a8434d1b940d936753
"Villages_Point.qmd",3529,"2026-04-29 11:01:00",da5b6f6acc5c11de45be6bbf24b07a09f2e3fcb3af4114c8bb19046995d674e7
"Villages_Point.shp",169108,"2026-04-29 11:01:01",b95251d192bea392e41f539868eb141816f6e4edd4bcb684b754ca0a6b24241a
"Villages_Point.shx",48388,"2026-04-29 11:01:01",9a69c52df06aaff78d24778fd15a02916908283e4e9d425265878dc2f6def816
"Villages_Point1.cpg",5,"2026-04-29 11:01:01",3ad3031f5503a4404af825262ee8232cc04d4ea6683d42c5dd0a2f2a27ac9824
"Villages_Point1.dbf",495114,"2026-04-29 11:01:01",207e039519f2b5482abaae277c666c0ff74e8d6ad3e89ce903cb8d48ca699662
"Villages_Point1.prj",447,"2026-04-29 11:01:01",5e509df06656ea5c7732dd0f0414fa56b365ebcbdede96a8434d1b940d936753
"Villages_Point1.qmd",3529,"2026-04-29 11:01:02",da5b6f6acc5c11de45be6bbf24b07a09f2e3fcb3af4114c8bb19046995d674e7
"Villages_Point1.shp",169108,"2026-04-29 11:01:01",b95251d192bea392e41f539868eb141816f6e4edd4bcb684b754ca0a6b24241a
"Villages_Point1.shx",48388,"2026-04-29 11:01:01",9a69c52df06aaff78d24778fd15a02916908283e4e9d425265878dc2f6def816
"Villages_points_real.cpg",5,"2026-04-29 11:01:01",3ad3031f5503a4404af825262ee8232cc04d4ea6683d42c5dd0a2f2a27ac9824
"Villages_points_real.dbf",368294,"2026-04-29 11:01:01",787b8a4b6bc01e7fb00439118f1780c6248b13f4dadbba968312ef8d454832ee
"Villages_points_real.prj",447,"2026-04-29 11:01:01",5e509df06656ea5c7732dd0f0414fa56b365ebcbdede96a8434d1b940d936753
"Villages_points_real.qmd",3529,"2026-04-29 11:01:02",041cb5d5ac98849b5b5ec1080b72bff42a907f40e022bc3029efa5b1683715c1
"Villages_points_real.shp",169108,"2026-04-29 11:01:02",b95251d192bea392e41f539868eb141816f6e4edd4bcb684b754ca0a6b24241a
"Villages_points_real.shx",48388,"2026-04-29 11:01:02",9a69c52df06aaff78d24778fd15a02916908283e4e9d425265878dc2f6def816
"all_roads.gpkg",205492224,"2026-08-14 10:04:39",c7cef56921e1e8f5c5c5c9b33780eac1ee64bba8796eecf6cc21a4b46c30d1e2
"arhivi.cpg",5,"2026-04-29 10:59:26",3ad3031f5503a4404af825262ee8232cc04d4ea6683d42c5dd0a2f2a27ac9824
"arhivi.dbf",6661,"2026-04-29 10:59:26",9c9cbf8829178b5726ea5a80912e1ccde82e4d30325d8d5bb888a010abfbcb96
"arhivi.prj",447,"2026-04-29 10:59:26",5e509df06656ea5c7732dd0f0414fa56b365ebcbdede96a8434d1b940d936753
"arhivi.sbn",236,"2026-04-29 10:59:26",ef115867384572f1a15f5467251de463007921108a72b95bc5d210143b0f2bd2
"arhivi.sbx",124,"2026-04-29 10:59:27",f7ebbae704819e1ebdcd45ff7c03fe08bb6f460fc7f00d46537678d4bad1f5b2
"arhivi.shp",408,"2026-04-29 10:59:27",d176141045b8e363157f5983985100fd65e852e4fe5cccbbbd077276455fe155
"arhivi.shp.xml",14845,"2026-04-29 10:59:27",20aaf4a40318b24f8e0e995b5dbcdbe0d29d50e8c3868cbfd88eb59601359be1
"arhivi.shx",188,"2026-04-29 10:59:27",29775bfa3067fb7b57ab3b2e1cb9a485361d5119a912ac3166243815614ffcbf
"avtosole.cpg",5,"2026-04-29 10:59:29",3ad3031f5503a4404af825262ee8232cc04d4ea6683d42c5dd0a2f2a27ac9824
"avtosole.dbf",112684,"2026-04-29 10:59:29",1b9ddc93427fa6fffa06bf9222afc195d0922499ad339e0b2a76ec3cd6ee1ca7
"avtosole.prj",447,"2026-04-29 10:59:30",5e509df06656ea5c7732dd0f0414fa56b365ebcbdede96a8434d1b940d936753
"avtosole.sbn",1548,"2026-04-29 10:59:30",344263ddf4215ed7cec5b2680542025ae37f748b123436c58e2f4298b97e452e
"avtosole.sbx",228,"2026-04-29 10:59:30",eccba3841538cfefc20f487b6ec864f64e3ac9ad87a80de393c55e7feb3d4b46
"avtosole.shp",3852,"2026-04-29 10:59:30",aebbd10eefc68779a96455242097c1ff38b274095255ad5100d0321fd82eaa9e
"avtosole.shp.xml",14549,"2026-04-29 10:59:30",12ed77516fb4288ddb3c77d1be8f11b896df08e01a755da9b6416241ee1fc560
"avtosole.shx",1172,"2026-04-29 10:59:30",f416b0198464c0dc25fadf92a44b63b9e7f63fb15621363fd5ab308d113cf617
"bolnice.cpg",5,"2026-04-29 10:59:34",3ad3031f5503a4404af825262ee8232cc04d4ea6683d42c5dd0a2f2a27ac9824
"bolnice.dbf",4656,"2026-04-29 10:59:34",6b51b7692ab779654d353b44c79aca46399e791f194f996fcfbaacdc09d29f47
"bolnice.prj",447,"2026-04-29 10:59:34",5e509df06656ea5c7732dd0f0414fa56b365ebcbdede96a8434d1b940d936753
"bolnice.sbn",292,"2026-04-29 10:59:34",d8e92a88ee83fe1e2c3c480f19c9b1f4365ea45b485767066295652af382636e
"bolnice.sbx",124,"2026-04-29 10:59:34",e70906bf89c8ed885d19647b85ae029a7bee69147fba7838d6e6dedab1f5296e
"bolnice.shp",1252,"2026-04-29 10:59:35",737b1b5806a48ea4a84b817ce62f04d61d0bfdb435886019d7d6f48711890960
"bolnice.shp.xml",6150,"2026-04-29 10:59:35",8b80b02948a24f29b9a37148c8793296cd9a02d19c2688bbcba09bc8763a50ef
"bolnice.shx",244,"2026-04-29 10:59:35",e0f421a2cebbac0d590a46baca50897cfdc33da385136ebb04fe7a3137f464c6
"bolnice_ok.cpg",5,"2026-04-29 10:59:35",3ad3031f5503a4404af825262ee8232cc04d4ea6683d42c5dd0a2f2a27ac9824
"bolnice_ok.dbf",4868,"2026-04-29 10:59:35",acf1443096dee9e540ce989c3081fbdd38f4f0bee7816d4c46c12df1a9613771
"bolnice_ok.prj",447,"2026-04-29 10:59:35",5e509df06656ea5c7732dd0f0414fa56b365ebcbdede96a8434d1b940d936753
"bolnice_ok.sbn",292,"2026-04-29 10:59:36",2b8502dabcb3b78541f8e35fba1b85b7c8a37c6169a19c1619a241c7b9dd42b7
"bolnice_ok.sbx",124,"2026-04-29 10:59:36",35f6ad844569e34f66a0836736b46515df32217ad4a6c78208fb8b78b8e00a03
"bolnice_ok.shp",604,"2026-04-29 10:59:36",e766deb6305041a81e248220039d1675fd4f60927a6d416ed26391626b9391db
"bolnice_ok.shp.xml",6959,"2026-04-29 10:59:36",5738c1d08c9dec86b922653a4b730304ea209667630e4454c7fa6d1392862264
"bolnice_ok.shx",244,"2026-04-29 10:59:36",89382867433138bca9440755c6bcff2afc57a76861a91e65cd4b1e5cb1ff12fd
"centroidi_naselij.cpg",5,"2026-04-29 10:59:40",3ad3031f5503a4404af825262ee8232cc04d4ea6683d42c5dd0a2f2a27ac9824
"centroidi_naselij.dbf",4460283,"2026-04-29 10:59:40",954fba97b356e27370407b84962183b67576dbec8e51b9d910f2daac702763ad
"centroidi_naselij.prj",447,"2026-04-29 10:59:40",5e509df06656ea5c7732dd0f0414fa56b365ebcbdede96a8434d1b940d936753
"centroidi_naselij.sbn",60852,"2026-04-29 10:59:40",cb1f6f270d540c89a37e52f83b450356c99ae1a89ad774df0caa8710431817ae
"centroidi_naselij.sbx",4420,"2026-04-29 10:59:41",5bad608b5c40e84d35acdc516d1b930dae14230ea6a42eebda7a8e8a1d912445
"centroidi_naselij.shp",169080,"2026-04-29 10:59:41",dcb42cf8e1a1c9d086782926151e54f6aabe972beba691df78be94b0a63593e2
"centroidi_naselij.shp.xml",9846,"2026-04-29 10:59:41",1b3c57c8eaa0ca65af9d7b502e7a1e98ab6c001d88d778e555a80e8bb2dcb4ab
"centroidi_naselij.shx",48380,"2026-04-29 10:59:41",fe0fa4503664f301ca861a104a1a25b7f4621b22b75c8377257d4e968a5728d5
"centroidi_obcin.cpg",5,"2026-04-29 10:59:41",3ad3031f5503a4404af825262ee8232cc04d4ea6683d42c5dd0a2f2a27ac9824
"centroidi_obcin.dbf",93994,"2026-04-29 10:59:41",c6b5a9e4f501060504fa592f2385921e806f7d83636596860614429244bb2e58
"centroidi_obcin.prj",447,"2026-04-29 10:59:42",5e509df06656ea5c7732dd0f0414fa56b365ebcbdede96a8434d1b940d936753
"centroidi_obcin.sbn",2196,"2026-04-29 10:59:42",66126d58f15d861604766dc6b95bba4ec0818ba824849212fc9f5d81d82b6a20
"centroidi_obcin.sbx",252,"2026-04-29 10:59:42",01710e10ea0cf7e381a913ba4a1a06ba562528817009697e7abe48bdf84e6de3
"centroidi_obcin.shp",6036,"2026-04-29 10:59:42",7700deaaed775d6c41be29051e62fdfda3deb92cec56150c6b037cf7b6fb05ae
"centroidi_obcin.shp.LAPTOP-BPIQM5QN.35280.7436.sr.lock",0,"2026-04-29 10:59:42",e3b0c44298fc1c149afbf4c8996fb92427ae41e4649b934ca495991b7852b855
"centroidi_obcin.shp.LAPTOP-BPIQM5QN.36452.7436.sr.lock",0,"2026-04-29 10:59:42",e3b0c44298fc1c149afbf4c8996fb92427ae41e4649b934ca495991b7852b855
"centroidi_obcin.shp.LAPTOP-BPIQM5QN.36468.7436.sr.lock",0,"2026-04-29 10:59:42",e3b0c44298fc1c149afbf4c8996fb92427ae41e4649b934ca495991b7852b855
"centroidi_obcin.shp.LAPTOP-BPIQM5QN.38168.7436.sr.lock",0,"2026-04-29 10:59:42",e3b0c44298fc1c149afbf4c8996fb92427ae41e4649b934ca495991b7852b855
"centroidi_obcin.shp.xml",8466,"2026-04-29 10:59:42",0feb864d8a1a64582781c5d5cd761a66c7593d2d63a72ae38b331f4a8c8afb67
"centroidi_obcin.shx",1796,"2026-04-29 10:59:43",7dcb0c1040cce507f1304dce4e61800df28c14902b7f8e14e505eb0b417d82d7
"centroidi_obcin_pravi.gpkg",7180288,"2026-04-29 10:59:43",1ecaf10f743560a15b6cc203b9349e96bb46bea517d441d5465a6372fd7054f9
"centroidi_stat_regij.cpg",5,"2026-04-29 10:59:43",3ad3031f5503a4404af825262ee8232cc04d4ea6683d42c5dd0a2f2a27ac9824
"centroidi_stat_regij.dbf",4154,"2026-04-29 10:59:43",7ec66f300e9a879e5c61706ec28ae64d39527a7bfec41c4e01b4c672e3adacd0
"centroidi_stat_regij.prj",447,"2026-04-29 10:59:43",5e509df06656ea5c7732dd0f0414fa56b365ebcbdede96a8434d1b940d936753
"centroidi_stat_regij.sbn",244,"2026-04-29 10:59:43",fd031e50ec1538168567e4e150642576e8c60be59e3bc07a8c04782a27c92402
"centroidi_stat_regij.sbx",124,"2026-04-29 10:59:43",56b48effbc0f965d10f7c3ba709e49ae376e02cfc00e26b2fbcd2867ced63a89
"centroidi_stat_regij.shp",436,"2026-04-29 10:59:43",a67db9d61d6d7fc48b5b4d91f90e84e8516c7ae7fdad52335b5c755c7688a0fb
"centroidi_stat_regij.shp.LAPTOP-BPIQM5QN.35280.7436.sr.lock",0,"2026-04-29 10:59:44",e3b0c44298fc1c149afbf4c8996fb92427ae41e4649b934ca495991b7852b855
"centroidi_stat_regij.shp.LAPTOP-BPIQM5QN.36452.7436.sr.lock",0,"2026-04-29 10:59:44",e3b0c44298fc1c149afbf4c8996fb92427ae41e4649b934ca495991b7852b855
"centroidi_stat_regij.shp.LAPTOP-BPIQM5QN.36468.7436.sr.lock",0,"2026-04-29 10:59:44",e3b0c44298fc1c149afbf4c8996fb92427ae41e4649b934ca495991b7852b855
"centroidi_stat_regij.shp.LAPTOP-BPIQM5QN.38168.7436.sr.lock",0,"2026-04-29 10:59:44",e3b0c44298fc1c149afbf4c8996fb92427ae41e4649b934ca495991b7852b855
"centroidi_stat_regij.shp.xml",8555,"2026-04-29 10:59:44",2f56db7fdc78a5ba58f5f1b13a5396800e364db1c10e7b249bce6e0592483aaa
"centroidi_stat_regij.shx",196,"2026-04-29 10:59:44",e37a6221535710488cb6086a5482284849ff75d37eb15f6655dab9566d3e9afc
"centroidi_ue.cpg",5,"2026-04-29 10:59:44",3ad3031f5503a4404af825262ee8232cc04d4ea6683d42c5dd0a2f2a27ac9824
"centroidi_ue.dbf",26242,"2026-04-29 10:59:44",ccbb8b639b44b288cfc3d56e8eb656355a089c3644c71a609a5d2c5f873a65db
"centroidi_ue.prj",447,"2026-04-29 10:59:44",5e509df06656ea5c7732dd0f0414fa56b365ebcbdede96a8434d1b940d936753
"centroidi_ue.sbn",756,"2026-04-29 10:59:44",f75070706fe34d2ecf17a882a14fb3a687ef909583b8f510e725712f78940b89
"centroidi_ue.sbx",172,"2026-04-29 10:59:45",4daf05ace330c16c60445d9af4bcba93510b64966399e10651a73464d91dbce6
"centroidi_ue.shp",1724,"2026-04-29 10:59:45",ffb069c3f45d3e2ce20616f41b25d39498494f39996c2392fe90ac66fa15d695
"centroidi_ue.shp.xml",8041,"2026-04-29 10:59:45",a40755f42344842062cc8917c650f8c5715da6262db6cfc421cb57b65fe2b837
"centroidi_ue.shx",564,"2026-04-29 10:59:45",c1c9b768fedca4ac954d2ae181977e0fb021b2cff5ac636d8efdd3bb15f664ce
"ceste_prave.gpkg",325423104,"2026-04-29 10:59:51",74b881359424d4f37d89e8800c76d9b14abd54f65009d2e42a960ba6514e7842
"dijaski_studentski_domi.cpg",5,"2026-04-29 10:59:53",3ad3031f5503a4404af825262ee8232cc04d4ea6683d42c5dd0a2f2a27ac9824
"dijaski_studentski_domi.dbf",86039,"2026-04-29 10:59:53",68ca1fddfa6d1d5662e89cb8e689a5ab1caf8f617e9286d472e6b2cdbbf90308
"dijaski_studentski_domi.prj",447,"2026-04-29 10:59:54",5e509df06656ea5c7732dd0f0414fa56b365ebcbdede96a8434d1b940d936753
"dijaski_studentski_domi.sbn",1084,"2026-04-29 10:59:54",bd2e10c1d250e6ec28716101d791e0ae55bd7592a25715371da2e3ea12edf147
"dijaski_studentski_domi.sbx",156,"2026-04-29 10:59:54",74d1d3d1e2204b6bdc9a0d4c0ecdae1cc34ce2c31eb5e2539f1efdee3bfc9373
"dijaski_studentski_domi.shp",2928,"2026-04-29 10:59:54",920b306a16cc1609939c6aa222a8ea2e6550411077c314eb31a147e98f831024
"dijaski_studentski_domi.shp.xml",15242,"2026-04-29 10:59:54",9e2341bf9cb0fadeccab6bd91705037968d9e4b457a4c7d9ecf7891f1b8be6e2
"dijaski_studentski_domi.shx",908,"2026-04-29 10:59:54",73f70e3e325716c4f6e4a54697461a8a989a4c0e16ba2613a5aa61d61ec14ffd
"furs.cpg",5,"2026-04-29 10:59:59",3ad3031f5503a4404af825262ee8232cc04d4ea6683d42c5dd0a2f2a27ac9824
"furs.dbf",10171,"2026-04-29 10:59:59",caf83a67dc45d790b9cc22acbc414cd5baaad5726e35c34f174433ebfe62ee62
"furs.prj",447,"2026-04-29 10:59:59",5e509df06656ea5c7732dd0f0414fa56b365ebcbdede96a8434d1b940d936753
"furs.sbn",284,"2026-04-29 11:00:00",003a19b1ff2fc263c2727155618c78f2be53574c5b18598019deaa453c014a72
"furs.sbx",124,"2026-04-29 11:00:00",4ec5d9c591ddf3069d927100f72584237f2137abd98d46a97e0cd585a56dfe7d
"furs.shp",576,"2026-04-29 11:00:00",0ee38b21af76e8234be5b572a8e9072003214558576ff56ed6ce7f8ac7bc7a08
"furs.shp.xml",14986,"2026-04-29 11:00:00",8b1f64c6a71a8c4ce114d325612bfb0f834294c92ae295246e7dae72fceec43e
"furs.shx",236,"2026-04-29 11:00:01",243168110ad75abde564bcc70661852baf19038c0e7bfddd9c1126e5e7177f08
"klinicni_centri.cpg",5,"2026-04-29 11:00:05",3ad3031f5503a4404af825262ee8232cc04d4ea6683d42c5dd0a2f2a27ac9824
"klinicni_centri.dbf",3278,"2026-04-29 11:00:05",c87d4d401daf482539fb924b50b3c0591f0122572fbce2fc1cc94919fabfe15c
"klinicni_centri.prj",447,"2026-04-29 11:00:05",5e509df06656ea5c7732dd0f0414fa56b365ebcbdede96a8434d1b940d936753
"klinicni_centri.sbn",244,"2026-04-29 11:00:05",7469009e67540bf5a22d6d0243bc22f10388d1fa69ad3fd4e88451797dce0e3a
"klinicni_centri.sbx",124,"2026-04-29 11:00:05",bf393640ada384d4c654507bfe94e1c8016b991d7629f47f21d04d367fcd8d16
"klinicni_centri.shp",436,"2026-04-29 11:00:05",0e4a6c85fab6068d5546dd8537aa1b9487471f05f48e3f46968f65e63384efe9
"klinicni_centri.shp.xml",6797,"2026-04-29 11:00:05",79591a593598562f46b374ccafaf73c0db8e02e593ba3a3f8651103fef57e4eb
"klinicni_centri.shx",196,"2026-04-29 11:00:05",3f9e58319f46612d336284f10101e4db7ec15de92cfe1fd4eed3726272aa55ec
"kolesarske_poti_osm1.cpg",5,"2026-04-29 11:00:05",3ad3031f5503a4404af825262ee8232cc04d4ea6683d42c5dd0a2f2a27ac9824
"kolesarske_poti_osm1.dbf",1897772,"2026-04-29 11:00:05",b89d119758ef87a6e5c609e904949a97c4194b2b953f9a8d8efa4adcbd3ddf3b
"kolesarske_poti_osm1.prj",447,"2026-04-29 11:00:06",5e509df06656ea5c7732dd0f0414fa56b365ebcbdede96a8434d1b940d936753
"kolesarske_poti_osm1.sbn",94908,"2026-04-29 11:00:06",3f099e87fa53e3046ac951c8a9b9ae7420055b42d48f4d2bb88b7d69bcf2e1c0
"kolesarske_poti_osm1.sbx",3404,"2026-04-29 11:00:06",6b5a4873e890e321b72b288253ba9bd94fadb2ad5a8a77936c98faddda37be82
"kolesarske_poti_osm1.shp",1976780,"2026-04-29 11:00:07",5fc33ef3d26f773ccb8587335780a529e73a80c56d105174198b80d38824b5d1
"kolesarske_poti_osm1.shp.xml",14477,"2026-04-29 11:00:07",30e6c5f02de02619e739db975a308b5cd69348a0a9a2ff2e3fa54a857807b309
"kolesarske_poti_osm1.shx",75244,"2026-04-29 11:00:06",f588622be6daab6bf3b092a99e0bd1a9822562e15ecd76dc92aa65b11eee5cb3
"kolesarske_poti_osm1_dolzina.cpg",5,"2026-04-29 11:00:06",3ad3031f5503a4404af825262ee8232cc04d4ea6683d42c5dd0a2f2a27ac9824
"kolesarske_poti_osm1_dolzina.dbf",128,"2026-04-29 11:00:06",e6da8b02e0f8a6bd31b978118fc737b647e0a2f1056a8de4a181e3e1b00d8ee1
"kolesarske_poti_osm1_dolzina.dbf.xml",567,"2026-04-29 11:00:06",f0b76ee9ccb4bed44b23e7e2e15058b7715d7964e6c46b823ef16fc8c79dcad7
"kulturna_dediscina.cpg",5,"2026-04-29 11:00:07",3ad3031f5503a4404af825262ee8232cc04d4ea6683d42c5dd0a2f2a27ac9824
"kulturna_dediscina.dbf",131556938,"2026-04-29 11:00:10",02438269a7f5fd8b1db45a9c3b141241f29de874252fe64312451cc86944d52c
"kulturna_dediscina.prj",447,"2026-04-29 11:00:07",5e509df06656ea5c7732dd0f0414fa56b365ebcbdede96a8434d1b940d936753
"kulturna_dediscina.sbn",297724,"2026-04-29 11:00:07",0f5959c485f1642b60fd5485d27870264f65c8e591555fc081715353aaf7674b
"kulturna_dediscina.sbx",16508,"2026-04-29 11:00:07",269d986396adae692c24bdf87ea8fc08be3ea3c4ade610aa31ad4bdcd7387fa2
"kulturna_dediscina.shp",869892,"2026-04-29 11:00:07",1734870f0b981c9480e3b0c7ad24ce99d4622767007bb2c1e301a2dfed7f47ef
"kulturna_dediscina.shp.xml",18136,"2026-04-29 11:00:08",a5a62d9fa9223a5d5d3bc6d7c822f06d37d95bfacb47efeef5fc2f139e8b894d
"kulturna_dediscina.shx",248612,"2026-04-29 11:00:08",f2f5cafc0dd1b22a2e50e3b0b396a63fab445a76b99fb4bedb2fa1839634f663
"lekarne.cpg",5,"2026-04-29 11:00:08",3ad3031f5503a4404af825262ee8232cc04d4ea6683d42c5dd0a2f2a27ac9824
"lekarne.dbf",1250395,"2026-04-29 11:00:08",9d5d5dc50dd3fa5780410ccbddeb76695c9c2e743d7a68cc62a488ff27f1c028
"lekarne.prj",447,"2026-04-29 11:00:08",5e509df06656ea5c7732dd0f0414fa56b365ebcbdede96a8434d1b940d936753
"lekarne.sbn",3900,"2026-04-29 11:00:08",919b77655d7e57efba3661dd5ea088b199d1a4945adb60eb292360cb81eb7c83
"lekarne.sbx",348,"2026-04-29 11:00:09",c4e47358a6425c13329aa2b150fe7aa98905d989af1ba56d7cd3c3e5841db4ad
"lekarne.shp",10768,"2026-04-29 11:00:09",0f5e5a43a14fbc80c974459096385a963b869abbd0c702f9c4714800febf4470
"lekarne.shp.xml",23876,"2026-04-29 11:00:09",8e2d400cf5c061c6937ac805aab9094ee91bb41946c3ecfab214510661debdf2
"lekarne.shx",3148,"2026-04-29 11:00:09",10db136c7e4e6c7fff213b8d55c1ddd07e6a57b2382461fe61fdbe405479736d
"naselja_poligoni.cpg",5,"2026-04-29 11:00:25",3ad3031f5503a4404af825262ee8232cc04d4ea6683d42c5dd0a2f2a27ac9824
"naselja_poligoni.dbf",4399901,"2026-04-29 11:00:25",392ea570f5b63e5b8da14d1e9c75e15b5d0e064e162baf660a88d89aeb2e263d
"naselja_poligoni.prj",447,"2026-04-29 11:00:25",5e509df06656ea5c7732dd0f0414fa56b365ebcbdede96a8434d1b940d936753
"naselja_poligoni.sbn",60588,"2026-04-29 11:00:25",e3ef92c5a326def30a8afc3004db1c517b9d0a9430a52a9721131b788fc09b0c
"naselja_poligoni.sbx",4156,"2026-04-29 11:00:25",aae98c2793db8ad2afcab1ad183161093081dbd122e4eb5be3944cd84db76d1a
"naselja_poligoni.shp",26574512,"2026-04-29 11:00:26",92e449977e9496230a4ea8a706a77185b10121066087d7a842327a37318f0bc6
"naselja_poligoni.shp.xml",9494,"2026-04-29 11:00:26",9712d082f24570a596b62e7fba208bf6b6799a1b6e64fe8559cbbe878dac8669
"naselja_poligoni.shx",48380,"2026-04-29 11:00:26",66121e34e71444ac5d5f97940e2773a7769fb2321bf6f4b500310f42a98da43d
"obcine_poligoni.cpg",5,"2026-04-29 11:00:28",3ad3031f5503a4404af825262ee8232cc04d4ea6683d42c5dd0a2f2a27ac9824
"obcine_poligoni.dbf",91842,"2026-04-29 11:00:28",4ad870b516373c93670bb760b35098122b9cf9677bb1577a28d132adcac758c1
"obcine_poligoni.prj",447,"2026-04-29 11:00:28",5e509df06656ea5c7732dd0f0414fa56b365ebcbdede96a8434d1b940d936753
"obcine_poligoni.sbn",2244,"2026-04-29 11:00:28",67d239a6eb72d7220aa9ba3ac6bb377c4f59148fcfe1dd2dcba5584dffec23ea
"obcine_poligoni.sbx",300,"2026-04-29 11:00:28",9fdfd891bc520cc4228d0fcecb68f913ff5a37f2fa47e20f9ca8ddfec46ef2f8
"obcine_poligoni.shp",7984020,"2026-04-29 11:00:28",b87116e42c5c4142e5c8e8a4e17a2f6dc22c984d1498a261f7fa09b8b5b61ab7
"obcine_poligoni.shp.LAPTOP-BPIQM5QN.35280.7436.sr.lock",0,"2026-04-29 11:00:28",e3b0c44298fc1c149afbf4c8996fb92427ae41e4649b934ca495991b7852b855
"obcine_poligoni.shp.LAPTOP-BPIQM5QN.36452.7436.sr.lock",0,"2026-04-29 11:00:28",e3b0c44298fc1c149afbf4c8996fb92427ae41e4649b934ca495991b7852b855
"obcine_poligoni.shp.LAPTOP-BPIQM5QN.36468.7436.sr.lock",0,"2026-04-29 11:00:28",e3b0c44298fc1c149afbf4c8996fb92427ae41e4649b934ca495991b7852b855
"obcine_poligoni.shp.LAPTOP-BPIQM5QN.38168.7436.sr.lock",0,"2026-04-29 11:00:29",e3b0c44298fc1c149afbf4c8996fb92427ae41e4649b934ca495991b7852b855
"obcine_poligoni.shp.xml",13511,"2026-04-29 11:00:29",85f02eedd1e12a07dde8fabafc73c55fe0ac0683ae0e7a59a43e350a8d74a4d8
"obcine_poligoni.shx",1796,"2026-04-29 11:00:29",14c2475f6bb58bfbec5fb185e94c6d2f0a4e4318f55baa81075dca2e80e6a6c4
"okrajna_sod.cpg",5,"2026-04-29 11:00:29",3ad3031f5503a4404af825262ee8232cc04d4ea6683d42c5dd0a2f2a27ac9824
"okrajna_sod.dbf",16734,"2026-04-29 11:00:29",81f117622b56a526f4c9aa2d3616091ca7bee3367c5f1af6752128750c51416a
"okrajna_sod.prj",447,"2026-04-29 11:00:29",5e509df06656ea5c7732dd0f0414fa56b365ebcbdede96a8434d1b940d936753
"okrajna_sod.sbn",556,"2026-04-29 11:00:29",2e1b61835431ae026ffdf2f52c5d01b78eb11f8578b89c5a1b35f697b1425f2a
"okrajna_sod.sbx",148,"2026-04-29 11:00:29",d7a8e9319706d63d7d91d619c8962fb051660ccf10c2c15e1a95363fdee1d6b5
"okrajna_sod.shp",1332,"2026-04-29 11:00:30",8711cf9a9f868dffb50c6a0a9c9e00e94b8bdd72f1f0d12a03e3ff2d7d9113a6
"okrajna_sod.shp.xml",15315,"2026-04-29 11:00:30",2078233207029eba7877da18e00d20fbfe356777a3ceecf41884c4b7a615ac5d
"okrajna_sod.shx",452,"2026-04-29 11:00:30",8579dc3dd24184724c1bc55559365eb6b3d6b9ad195861c52d69d445b7621281
"okrozna_sod.cpg",5,"2026-04-29 11:00:30",3ad3031f5503a4404af825262ee8232cc04d4ea6683d42c5dd0a2f2a27ac9824
"okrozna_sod.dbf",4173,"2026-04-29 11:00:31",83d5e094b87679c1525142b9cef27cce4aff7e3194bebe2e8665b1d12a33a804
"okrozna_sod.prj",447,"2026-04-29 11:00:30",5e509df06656ea5c7732dd0f0414fa56b365ebcbdede96a8434d1b940d936753
"okrozna_sod.sbn",236,"2026-04-29 11:00:30",3233c2b466361b59192249ce7728f13976ef13e546ff71015cd0be2d2831fe46
"okrozna_sod.sbx",124,"2026-04-29 11:00:30",4eb2b6dbc8241f8b0fb2e8e13e9fd8c4a4418d7831afffe0fe13084a88bd2e2c
"okrozna_sod.shp",408,"2026-04-29 11:00:30",cb218c4c8db3173a44a26c87839f9bb156123527550becb417558f41e1266b04
"okrozna_sod.shp.xml",14934,"2026-04-29 11:00:31",60bb0630fe2c944162d4a83af02557a07ef5744c3801c0acec4f19e303b7efca
"okrozna_sod.shx",188,"2026-04-29 11:00:31",07fb0b2fe78d92cc650331960aa4df0cb2efff1ce88225707fddeb662ccaa80d
"osnovne_sole.cpg",5,"2026-04-29 11:00:31",3ad3031f5503a4404af825262ee8232cc04d4ea6683d42c5dd0a2f2a27ac9824
"osnovne_sole.dbf",7346947,"2026-04-29 11:00:32",4c2ddd31a82209864c3e1f9e810b735a1ae73cbb981e50852c52c49daaefcc96
"osnovne_sole.prj",447,"2026-04-29 11:00:31",5e509df06656ea5c7732dd0f0414fa56b365ebcbdede96a8434d1b940d936753
"osnovne_sole.sbn",8764,"2026-04-29 11:00:31",79cc0b39dd8093749a4e371bc43d97309602c2839f3da6cbbfc6505b691ca464
"osnovne_sole.sbx",620,"2026-04-29 11:00:31",912519c992c06706cae799036517bf64a57e546dd63e134cf39d9339c17f125a
"osnovne_sole.shp",25048,"2026-04-29 11:00:31",c32fd940e5b4eb8653a6c0befb9071f76e90627079c8ddae3974655706173ae6
"osnovne_sole.shp.xml",31002,"2026-04-29 11:00:31",5c652b6cb505b8b277790504b0caea794a71f7cfc8046fd6101255a9649dfb3a
"osnovne_sole.shx",7228,"2026-04-29 11:00:31",58f07e2535436f49bdc57be867dfa88f9f4c6d42ceddb53250946ae1c6c55764
"parki_osm.shx",4612,"2026-04-29 11:00:33",ecfb97dee379f5feb5bdc7ba7dace4cd767f985db0b0c748a48e30a4dd35afcd
"poste.cpg",5,"2026-04-29 11:00:35",3ad3031f5503a4404af825262ee8232cc04d4ea6683d42c5dd0a2f2a27ac9824
"poste.dbf",2166069,"2026-04-29 11:00:35",74fc360037ff2231db546a251c3e012fece7573846a7bba19bb97fc3b8417fb6
"poste.prj",447,"2026-04-29 11:00:35",5e509df06656ea5c7732dd0f0414fa56b365ebcbdede96a8434d1b940d936753
"poste.sbn",5684,"2026-04-29 11:00:35",3651a2fdebe1a9de9a87461966acf71d6c534eaf32cc845a0f7a5934ca6e4bdf
"poste.sbx",580,"2026-04-29 11:00:35",7b8c8d79208eb24298fa760628900e7316afcb56f49d897ae009159e5813dc1d
"poste.shp",14408,"2026-04-29 11:00:35",8ca3aa05add90c4a13d56d5ef2b77e3d9dc0b412e562ef59b016bd4664be9af7
"poste.shp.xml",14661,"2026-04-29 11:00:35",6723fab32f23c065dcda94d73b5dfa778c41227915aec5ecc2eca7814575de3b
"poste.shx",4188,"2026-04-29 11:00:35",97900de5f1edf843f9755a1b4e5af96a3bfc08367ab5bee5cdaa0184685bba0b
"pristanisca.cpg",5,"2026-04-29 11:00:35",3ad3031f5503a4404af825262ee8232cc04d4ea6683d42c5dd0a2f2a27ac9824
"pristanisca.dbf",811,"2026-04-29 11:00:36",5589c7bd3405794cce698d839a7b33228cf7c79a878d52f78abf896995e5600a
"pristanisca.prj",447,"2026-04-29 11:00:36",5e509df06656ea5c7732dd0f0414fa56b365ebcbdede96a8434d1b940d936753
"pristanisca.sbn",148,"2026-04-29 11:00:36",024eced88e6c7df6deb75e0de25978f1886a46259e202ceb30bfaf9f620ed19d
"pristanisca.sbx",116,"2026-04-29 11:00:36",6b46561d187204f338209c5d67f48799b87e49785049bc7f57eb4c4d0f27caa2
"pristanisca.shp",128,"2026-04-29 11:00:37",56d8a77fd00d7ad067b3195df77727be9562a427698e87a0d0b66146893e1fff
"pristanisca.shp.xml",14400,"2026-04-29 11:00:36",7c5f7452381ac91a23061a07a267bcf18ea874ea27a744801dd3f84a57711586
"pristanisca.shx",108,"2026-04-29 11:00:36",6ba669d5c6efa093393774b20cb62a2e887390e79f2dad8a2637cc56613fa994
"sazu.cpg",5,"2026-04-29 11:00:45",3ad3031f5503a4404af825262ee8232cc04d4ea6683d42c5dd0a2f2a27ac9824
"sazu.dbf",811,"2026-04-29 11:00:44",5d7f36fefe4c674d4f0cca6a3cf7ef814b4d6619e685991633907a531c6590ed
"sazu.prj",447,"2026-04-29 11:00:44",5e509df06656ea5c7732dd0f0414fa56b365ebcbdede96a8434d1b940d936753
"sazu.sbn",148,"2026-04-29 11:00:44",2f70b31fb3468a0d74720f500f7af4a599790670eeab06a821718fe6204704a6
"sazu.sbx",116,"2026-04-29 11:00:44",a7d9582d325b491c1f689f6ddca7cd1f5ac4ff38d0e6ecbe4719b86ce75c59b3
"sazu.shp",128,"2026-04-29 11:00:45",3d3699ef2e93d984b2290dec65ddfe2ad73ee11624625502638fbf37a5d0db42
"sazu.shp.xml",14333,"2026-04-29 11:00:45",1956eefdee74fc0c8d274a776d883b74f6e07932695329dcf34330d0a54d2194
"sazu.shx",108,"2026-04-29 11:00:45",59f8f2bab4dd6ade4dae0352e09f6193b968875ab792b9a6db72bbd76504a343
"sodisca_osm.cpg",5,"2026-04-29 11:00:47",3ad3031f5503a4404af825262ee8232cc04d4ea6683d42c5dd0a2f2a27ac9824
"sodisca_osm.dbf",2482,"2026-04-29 11:00:47",ab88317c5d46aec9b08d2caa2a89bafa74588efd4aec4ceffa28659583922ae7
"sodisca_osm.prj",145,"2026-04-29 11:00:47",a02a27b1d1982c8516d83398e85a3c8b1aef1713c13ef4d84d7bde17430c07c4
"sodisca_osm.sbn",276,"2026-04-29 11:00:47",12dd5f7cb999f224f9ccb2a4c56c2f34fdc1b73d7b2be9ea6a05bbcf26a0d5e9
"sodisca_osm.sbx",124,"2026-04-29 11:00:47",be3600585544a08dcb18dc50f3a3a58d438dff00068aedaab5ec34ff0d2772cb
"sodisca_osm.shp",548,"2026-04-29 11:00:47",5a75e064ddf69a1aa0c8c59bd0b82a8dd67b0f7b6a87334302999cf6b909032a
"sodisca_osm.shp.xml",7385,"2026-04-29 11:00:47",5395492708bb797b9799dd880d7c9dc00c9d400b960c69e9b7ed72b48e59173b
"sodisca_osm.shx",228,"2026-04-29 11:00:47",f228dfdf609f4b470059b8aa61ac5a119d53686d69b337a2078763f6e1e3f26e
"srednje_sole.cpg",5,"2026-04-29 11:00:49",3ad3031f5503a4404af825262ee8232cc04d4ea6683d42c5dd0a2f2a27ac9824
"srednje_sole.dbf",153795,"2026-04-29 11:00:49",7971cebad841124651c57dafd4708f48ba66ddcf56f7ecf7abec16280a8203ec
"srednje_sole.prj",447,"2026-04-29 11:00:50",5e509df06656ea5c7732dd0f0414fa56b365ebcbdede96a8434d1b940d936753
"srednje_sole.sbn",1924,"2026-04-29 11:00:50",75cbe2cc4b9fa0deee01fa7f75eed5420240a8d75faca0d16f1968a41043f670
"srednje_sole.sbx",212,"2026-04-29 11:00:49",c93e27915a65a072e9da11a51870e168280ebab2ea58b54d1d0e0c8a5f48edba
"srednje_sole.shp",5224,"2026-04-29 11:00:49",348a6a40d6b9ebcc88949d8dfcc65c5a785359bc0fff1785ee3ec317bac56cfd
"srednje_sole.shp.xml",14610,"2026-04-29 11:00:49",06dcf209c69dee5e572d77e1db9f6760fba239ffc46feff2614291326f62248a
"srednje_sole.shx",1564,"2026-04-29 11:00:49",e7a9f9fb1ca36a2c6154b3a59477bb327a84eae58306f655ef6f0f4161527530
"stat_regije.shp.xml",13582,"2026-04-29 11:00:51",47d54099fba82bce8d521eb08949ffcb8f74c39225a8792d9de0fb9133fdee46
"stat_regije.shx",196,"2026-04-29 11:00:52",ee8806046e9285a03d427cc9b4fa308df767a5763ff4d5078660fd44cf70d332
"stat_regije_poligon.cpg",5,"2026-04-29 11:00:52",3ad3031f5503a4404af825262ee8232cc04d4ea6683d42c5dd0a2f2a27ac9824
"stat_regije_poligon.dbf",546,"2026-04-29 11:00:51",a6c16e134cf56501cb4ab5d77ffd38b2f4d7ed969e6ea599834d1931f2e48bd0
"stat_regije_poligon.prj",447,"2026-04-29 11:00:51",5e509df06656ea5c7732dd0f0414fa56b365ebcbdede96a8434d1b940d936753
"stat_regije_poligon.sbn",108,"2026-04-29 11:00:51",867a82e6a422c2204532944c02746ef643b9a53c25f904456fef1cdfe8ef615d
"stat_regije_poligon.sbx",108,"2026-04-29 11:00:51",cea38bc7b353fdd1316c8190fe0abfdea6b1300ebc9ecb952a594751fe30d8e3
"stat_regije_poligon.shp",100,"2026-04-29 11:00:52",b9bf06405484df41c227c157ed78994604d25dffc3af841e1109ed7e76c7c54f
"stat_regije_poligon.shp.xml",2428,"2026-04-29 11:00:52",23dc666235bc6b1555cef69d21fa2237fdd2fe84e109508f7c7a4fd53ff1eae1
"stat_regije_poligon.shx",100,"2026-04-29 11:00:52",b9bf06405484df41c227c157ed78994604d25dffc3af841e1109ed7e76c7c54f
"stat_regije_poligoni.cpg",5,"2026-04-29 11:00:52",3ad3031f5503a4404af825262ee8232cc04d4ea6683d42c5dd0a2f2a27ac9824
"stat_regije_poligoni.dbf",4470,"2026-04-29 11:00:52",12b2be5561480d0dc43c7c5d7a98a5305d0203c95fd3a27e73b247768b7e22ac
"stat_regije_poligoni.prj",447,"2026-04-29 11:00:53",5e509df06656ea5c7732dd0f0414fa56b365ebcbdede96a8434d1b940d936753
"stat_regije_poligoni.qix",240,"2026-04-29 11:00:52",28025fba94648c3849e4681a25d9bcdb71890ad8c6ffffcbb53bea0a4d0abc15
"stat_regije_poligoni.shp",2409156,"2026-04-29 11:00:52",3f0b306c82d1ffddf74e555c8709162fa32e3073c450fe66f219c860931dcd07
"stat_regije_poligoni.shp.xml",10273,"2026-04-29 11:00:52",e87ae53eeee3ed1132c5bc9cc31870f38154bea7509164af1173d02d7ec306a4
"stat_regije_poligoni.shx",196,"2026-04-29 11:00:52",ee8806046e9285a03d427cc9b4fa308df767a5763ff4d5078660fd44cf70d332
"turist_objekti.cpg",5,"2026-04-29 11:00:57",3ad3031f5503a4404af825262ee8232cc04d4ea6683d42c5dd0a2f2a27ac9824
"turist_objekti.dbf",44967999,"2026-04-29 11:00:59",3cfbd50b063068ddf000eda6436f1c95886bab2a686d894cbb2e83064f1b4c38
"turist_objekti.prj",447,"2026-04-29 11:00:57",5e509df06656ea5c7732dd0f0414fa56b365ebcbdede96a8434d1b940d936753
"turist_objekti.sbn",55068,"2026-04-29 11:00:57",79468442e060e52e5871e2093d5374d27fb46b18422699b73c0404ae671973af
"turist_objekti.sbx",3252,"2026-04-29 11:00:57",7e3e08c47a8aae502982197c6e7e56200308018011a9dd00398791d51306eb06
"turist_objekti.shp",152840,"2026-04-29 11:00:57",a918fab5870dfe0f141895a1363c87a1cd667be1478f12cfd83c8b2728bf7422
"turist_objekti.shp.xml",31702,"2026-04-29 11:00:58",3c0638e9b253c5d5ba39d19724325548da157985246f21551480dd9ebf59562a
"turist_objekti.shx",43740,"2026-04-29 11:00:58",366334bd96b62213692bdfbc1aaf1c69482941aa021fa58eb11383d734002319
"univerze.cpg",5,"2026-04-29 11:00:58",3ad3031f5503a4404af825262ee8232cc04d4ea6683d42c5dd0a2f2a27ac9824
"univerze.dbf",38617,"2026-04-29 11:00:58",e998c71c1fa9584de783c76505f4e7b0c0b4d562cd00cba439f5d716b5409947
"univerze.prj",447,"2026-04-29 11:00:58",5e509df06656ea5c7732dd0f0414fa56b365ebcbdede96a8434d1b940d936753
"univerze.sbn",188,"2026-04-29 11:00:58",78029a4beee7cccdda61a8a959ada65a87fa4190d6655754394225ec1dd7d5ba
"univerze.sbx",124,"2026-04-29 11:00:58",4e4e8ef37f2592caf2fb9de407030bfd60a48be3fd03a81ff95a558ff64179de
"univerze.shp",240,"2026-04-29 11:00:59",bcbd1218d99698368b9cc79b00d06a34049a1e20a7334d0be3cc07a94a0170c7
"univerze.shp.xml",34012,"2026-04-29 11:00:59",926c5267735937a436fbb3131645a05d46a2a58ef4145c2dd916bd00b45f5af8
"univerze.shx",140,"2026-04-29 11:00:59",7cedde0793114dc1fa3276d608244a97ee0f8f39cd6af6a9cbf2e97a49acb0a2
"vrtci.cpg",5,"2026-04-29 11:01:02",3ad3031f5503a4404af825262ee8232cc04d4ea6683d42c5dd0a2f2a27ac9824
"vrtci.dbf",9547828,"2026-04-29 11:01:02",14ce408d3435b4b69fc2b3c21333b625b6c1eb34dbba4fb2c279e144e4b9a6db
"vrtci.prj",447,"2026-04-29 11:01:02",5e509df06656ea5c7732dd0f0414fa56b365ebcbdede96a8434d1b940d936753
"vrtci.sbn",12284,"2026-04-29 11:01:02",b2d3782f09c398a9ee2d340179a1b0c45aa470e537fcfaa0c9d9b25274c408ef
"vrtci.sbx",980,"2026-04-29 11:01:02",c126d426d6fdef5f544383f0e149df8a6bd52c8c64a6ebef126cee8f0127dea5
"vrtci.shp",32524,"2026-04-29 11:01:02",fd588157619dc812c1d79ed2b802f7e83514ef8795b9b22e2fc9d4e7d450574b
"vrtci.shp.xml",38178,"2026-04-29 11:01:03",f480b6b0584daf2036a123a204ed3e879f392670420c107d9fe55dbee527692f
"vrtci.shx",9364,"2026-04-29 11:01:03",186c159762f0741280cb09c48ef9d5f081732bb2a0ec8612b940724bfd49a110
"vrtci_osm.cpg",5,"2026-04-29 11:01:03",3ad3031f5503a4404af825262ee8232cc04d4ea6683d42c5dd0a2f2a27ac9824
"vrtci_osm.dbf",14662,"2026-04-29 11:01:03",afc3edbf26e016189186ed98f4cdd30209b11654b6de6b6d1dbdc113332002bb
"vrtci_osm.prj",145,"2026-04-29 11:01:04",a02a27b1d1982c8516d83398e85a3c8b1aef1713c13ef4d84d7bde17430c07c4
"vrtci_osm.sbn",1092,"2026-04-29 11:01:03",3dabb251aead6d3562c92a02c8866bd756b42eacdd812247853184e40db4b48c
"vrtci_osm.sbx",172,"2026-04-29 11:01:03",218e8d41dd361e51abcfa9cec6e633048cd25977cee286af873c3d6244ed41bf
"vrtci_osm.shp",2900,"2026-04-29 11:01:03",e7d59b35531d3a46cda1a5d1abd265bdaeb6b7570264e3ba204dd3b00cb3164b
"vrtci_osm.shp.xml",7349,"2026-04-29 11:01:03",4101809b3967fdb2e8ed69ff18f4d37b871415f860b544143c601ef7691e30de
"vrtci_osm.shx",900,"2026-04-29 11:01:04",764115f4e7d55c5d044a05d4ae8d16605f7916972554e9e7bb09aa262b77bad3
"zdrav_domovi.cpg",5,"2026-04-29 11:01:04",3ad3031f5503a4404af825262ee8232cc04d4ea6683d42c5dd0a2f2a27ac9824
"zdrav_domovi.dbf",14324946,"2026-04-29 11:01:05",61bce40e89050e21835240f55b09c11f8bf511ad9b6626756b29c9b1215a9e18
"zdrav_domovi.prj",447,"2026-04-29 11:01:04",5e509df06656ea5c7732dd0f0414fa56b365ebcbdede96a8434d1b940d936753
"zdrav_domovi.sbn",15900,"2026-04-29 11:01:04",3978586063ae9b2e7903954194bf953018615fb107d3a88e36992389f1ae6d3b
"zdrav_domovi.sbx",484,"2026-04-29 11:01:04",0402fec3db4b28a96dd8ca85309db230884c4248e998ed4a4c3b06564d20e436
"zdrav_domovi.shp",46916,"2026-04-29 11:01:04",dd8db5f308d39ad1ba31e90c5bccf91d09ab5144b2a59dd42a81729575f46d5b
"zdrav_domovi.shp.xml",30402,"2026-04-29 11:01:04",512aa121202b33ed799056bc4dd97289b2bc49086135fa672d0254a174e5114c
"zdrav_domovi.shx",13476,"2026-04-29 11:01:04",efda3a682746de06c4e57d27a55a4cbc965b04524b8bb068a0bb5e32e9fb2d6f
"zoo.cpg",5,"2026-04-29 11:01:05",3ad3031f5503a4404af825262ee8232cc04d4ea6683d42c5dd0a2f2a27ac9824
"zoo.dbf",811,"2026-04-29 11:01:05",b91d9a6318f50b9e72a7a289abfe87c8d92831b1ad6d5b88607e12aac3bf5767
"zoo.prj",447,"2026-04-29 11:01:05",5e509df06656ea5c7732dd0f0414fa56b365ebcbdede96a8434d1b940d936753
"zoo.sbn",148,"2026-04-29 11:01:05",0087b1b3eb3a9801303afa3e38dac6f665791426d476f8eb20bb3924a0db201d
"zoo.sbx",116,"2026-04-29 11:01:05",d30951d1f3ae90d5ac072c1eec3b9a701f6b1fc6250a0c2fb49d7c7a91c8a2cb
"zoo.shp",128,"2026-04-29 11:01:05",af765c218d5b01d49fd4a561a4276bd1d135e6bdfcb26db9111e625b8de379b3
"zoo.shp.xml",14334,"2026-04-29 11:01:05",db22164243968597930f2d8310b9825c26ef1ec6a750b60a74adde15dfe6e66a
"zoo.shx",108,"2026-04-29 11:01:05",7d211b9cc9da868834928fa08d1c155451dc0c17f938d0c801eb8167dadd7409
